[2025-09-25T13:46:35.531+0000] {local_task_job_runner.py:123} INFO - ::group::Pre task execution logs
[2025-09-25T13:46:35.548+0000] {taskinstance.py:2612} INFO - Dependencies all met for dep_context=non-requeueable deps ti=<TaskInstance: Container_Restart.apply_container_restart_docker scheduled__2025-01-10T00:00:00+00:00 [queued]>
[2025-09-25T13:46:35.559+0000] {taskinstance.py:2612} INFO - Dependencies all met for dep_context=requeueable deps ti=<TaskInstance: Container_Restart.apply_container_restart_docker scheduled__2025-01-10T00:00:00+00:00 [queued]>
[2025-09-25T13:46:35.559+0000] {taskinstance.py:2865} INFO - Starting attempt 1 of 1
[2025-09-25T13:46:35.577+0000] {taskinstance.py:2888} INFO - Executing <Task(DockerOperator): apply_container_restart_docker> on 2025-01-10 00:00:00+00:00
[2025-09-25T13:46:35.590+0000] {standard_task_runner.py:72} INFO - Started process 122 to run task
[2025-09-25T13:46:35.599+0000] {standard_task_runner.py:104} INFO - Running: ['***', 'tasks', 'run', 'Container_Restart', 'apply_container_restart_docker', 'scheduled__2025-01-10T00:00:00+00:00', '--job-id', '300', '--raw', '--subdir', 'DAGS_FOLDER/dag_factory.py', '--cfg-path', '/tmp/tmp2pweqsx7']
[2025-09-25T13:46:35.600+0000] {standard_task_runner.py:105} INFO - Job 300: Subtask apply_container_restart_docker
[2025-09-25T13:46:35.721+0000] {task_command.py:467} INFO - Running <TaskInstance: Container_Restart.apply_container_restart_docker scheduled__2025-01-10T00:00:00+00:00 [running]> on host BNXL-80508-WL.India.XoriantCorp.com
[2025-09-25T13:46:35.819+0000] {taskinstance.py:3131} INFO - Exporting env vars: AIRFLOW_CTX_DAG_OWNER='***' AIRFLOW_CTX_DAG_ID='Container_Restart' AIRFLOW_CTX_TASK_ID='apply_container_restart_docker' AIRFLOW_CTX_EXECUTION_DATE='2025-01-10T00:00:00+00:00' AIRFLOW_CTX_TRY_NUMBER='1' AIRFLOW_CTX_DAG_RUN_ID='scheduled__2025-01-10T00:00:00+00:00'
[2025-09-25T13:46:35.820+0000] {taskinstance.py:731} INFO - ::endgroup::
[2025-09-25T13:46:36.004+0000] {docker.py:367} INFO - Starting docker container from image priyanshu01ce/***_chaos:latest
[2025-09-25T13:46:36.766+0000] {docker.py:438} INFO - The container is run as root user. For security, consider using a regular user account.
[2025-09-25T13:46:48.009+0000] {docker.py:438} INFO - 
[2025-09-25T13:46:48.027+0000] {docker.py:438} INFO - total 10948
[2025-09-25T13:46:48.027+0000] {docker.py:438} INFO - drwxr-xr-x 4    1000 1000     4096 Sep 25 11:14 .
[2025-09-25T13:46:48.028+0000] {docker.py:438} INFO - drwxr-xr-x 1 *** root     4096 Sep 24 12:24 ..
[2025-09-25T13:46:48.028+0000] {docker.py:438} INFO - -rw-r--r-- 1    1000 1000     1193 Sep  8 07:02 API_Latency.json
[2025-09-25T13:46:48.028+0000] {docker.py:438} INFO - -rw-r--r-- 1    1000 1000      729 Sep  9 10:30 API_Timeout.json
[2025-09-25T13:46:48.029+0000] {docker.py:438} INFO - -rw-r--r-- 1    1000 1000     1333 Sep 25 12:12 Continuous_Load_Test.yaml
[2025-09-25T13:46:48.029+0000] {docker.py:438} INFO - -rw-r--r-- 1    1000 1000     1241 Sep 25 11:21 Load_Test.yaml
[2025-09-25T13:46:48.029+0000] {docker.py:438} INFO - -rw-r--r-- 1    1000 1000     1177 Sep 25 10:49 Stress_test.yaml
[2025-09-25T13:46:48.029+0000] {docker.py:438} INFO - -rw-r--r-- 1    1000 1000     1017 Sep 24 10:45 Stress_test_kube.yaml
[2025-09-25T13:46:48.030+0000] {docker.py:438} INFO - drwxr-xr-x 2 root    root     4096 Sep 25 10:19 __pycache__
[2025-09-25T13:46:48.030+0000] {docker.py:438} INFO - -rw-r--r-- 1    1000 1000     8875 Sep 22 09:04 chaosk6_actions.py
[2025-09-25T13:46:48.030+0000] {docker.py:438} INFO - -rw-rw-r-- 1 root    root    49833 Sep 25 10:28 chaostoolkit.log
[2025-09-25T13:46:48.030+0000] {docker.py:438} INFO - -rw-r--r-- 1    1000 1000     3213 Sep  9 09:11 combined-sequential.json
[2025-09-25T13:46:48.031+0000] {docker.py:438} INFO - -rw-r--r-- 1    1000 1000      502 Sep 16 05:31 connection_test_experiment.json
[2025-09-25T13:46:48.031+0000] {docker.py:438} INFO - -rw-r--r-- 1    1000 1000     1420 Sep 24 06:53 container_restart.json
[2025-09-25T13:46:48.031+0000] {docker.py:438} INFO - -rw-r--r-- 1    1000 1000    13551 Sep 25 05:07 container_restart.py
[2025-09-25T13:46:48.031+0000] {docker.py:438} INFO - -rw-r--r-- 1    1000 1000     1315 Sep 25 11:12 container_restart.yaml
[2025-09-25T13:46:48.032+0000] {docker.py:438} INFO - -rw-r--r-- 1    1000 1000     1031 Sep 24 07:37 container_restart_kube.yaml
[2025-09-25T13:46:48.032+0000] {docker.py:438} INFO - -rw-r--r-- 1    1000 1000     1409 Sep 18 12:30 continuous_load_test.json
[2025-09-25T13:46:48.032+0000] {docker.py:438} INFO - -rw-r--r-- 1    1000 1000     1637 Sep 25 10:13 cordon-uncordon-node.json
[2025-09-25T13:46:48.032+0000] {docker.py:438} INFO - -rw-r--r-- 1    1000 1000     1637 Sep 25 04:39 cordon_test.json
[2025-09-25T13:46:48.033+0000] {docker.py:438} INFO - -rw-r--r-- 1    1000 1000     1037 Sep 25 11:18 cordon_uncordon_node.yaml
[2025-09-25T13:46:48.033+0000] {docker.py:438} INFO - -rw-r--r-- 1    1000 1000     1214 Sep 24 17:12 cordon_uncordon_node_kube.yaml
[2025-09-25T13:46:48.033+0000] {docker.py:438} INFO - -rw-r--r-- 1    1000 1000     1771 Sep 24 07:40 db_cleanup.json
[2025-09-25T13:46:48.033+0000] {docker.py:438} INFO - -rw-r--r-- 1    1000 1000     6399 Sep 24 07:40 db_cleanup.py
[2025-09-25T13:46:48.034+0000] {docker.py:438} INFO - -rw-r--r-- 1    1000 1000     1172 Sep 24 07:40 db_cleanup_docker.yaml
[2025-09-25T13:46:48.034+0000] {docker.py:438} INFO - -rw-r--r-- 1    1000 1000     1097 Sep 24 10:43 db_cleanup_kube.yaml
[2025-09-25T13:46:48.034+0000] {docker.py:438} INFO - -rw-r--r-- 1 root    root     2324 Sep 25 10:28 journal.json
[2025-09-25T13:46:48.034+0000] {docker.py:438} INFO - -rw-rw-r-- 1 root    root     9834 Sep 25 09:01 k6_continuous_load.log
[2025-09-25T13:46:48.034+0000] {docker.py:438} INFO - -rw-r--r-- 1 root    root     3970 Sep 20 09:39 k6_continuous_summary.json
[2025-09-25T13:46:48.035+0000] {docker.py:438} INFO - -rw-rw-r-- 1 root    root 10911089 Sep 25 09:28 k6_post_api.log
[2025-09-25T13:46:48.035+0000] {docker.py:438} INFO - -rw-r--r-- 1 root    root     3433 Sep 25 09:28 k6_summary.json
[2025-09-25T13:46:48.035+0000] {docker.py:438} INFO - -rw-r--r-- 1    1000 1000      945 Sep 21 16:40 load_test.json
[2025-09-25T13:46:48.035+0000] {docker.py:438} INFO - -rw-r--r-- 1    1000 1000      879 Sep 24 07:14 load_test_kube.yaml
[2025-09-25T13:46:48.036+0000] {docker.py:438} INFO - -rw-r--r-- 1    1000 1000      528 Sep 17 12:13 max_connection_experiment.json
[2025-09-25T13:46:48.036+0000] {docker.py:438} INFO - -rw-r--r-- 1    1000 1000     1227 Sep 13 15:20 memory-stress-rollback.json
[2025-09-25T13:46:48.036+0000] {docker.py:438} INFO - -rw-r--r-- 1    1000 1000     7586 Sep 18 05:54 mongodb_actions.py
[2025-09-25T13:46:48.036+0000] {docker.py:438} INFO - -rw-r--r-- 1    1000 1000     2136 Sep 18 11:23 mongodb_connection.json
[2025-09-25T13:46:48.036+0000] {docker.py:438} INFO - -rw-r--r-- 1    1000 1000      597 Sep 16 09:17 mongodb_network_latency_experiment.json
[2025-09-25T13:46:48.036+0000] {docker.py:438} INFO - -rw-r--r-- 1    1000 1000     3657 Sep 18 05:42 mongodb_probes.py
[2025-09-25T13:46:48.037+0000] {docker.py:438} INFO - -rw-r--r-- 1    1000 1000     6161 Sep 12 08:04 pod_restart.py
[2025-09-25T13:46:48.037+0000] {docker.py:438} INFO - -rw-r--r-- 1    1000 1000     1632 Sep 16 08:57 redis_config_faults.py
[2025-09-25T13:46:48.037+0000] {docker.py:438} INFO - -rw-r--r-- 1    1000 1000      902 Sep 18 08:24 redis_experiment.json
[2025-09-25T13:46:48.037+0000] {docker.py:438} INFO - -rw-r--r-- 1    1000 1000     1251 Sep 18 09:25 redis_experiment.yaml
[2025-09-25T13:46:48.037+0000] {docker.py:438} INFO - -rw-r--r-- 1    1000 1000      929 Sep 24 07:35 redis_experiment_kube.yaml
[2025-09-25T13:46:48.037+0000] {docker.py:438} INFO - -rw-r--r-- 1    1000 1000      945 Sep 18 06:53 redis_load.json
[2025-09-25T13:46:48.038+0000] {docker.py:438} INFO - -rw-r--r-- 1    1000 1000     1255 Sep 25 11:19 redis_memory_stress.yaml
[2025-09-25T13:46:48.038+0000] {docker.py:438} INFO - -rw-r--r-- 1    1000 1000     1284 Sep 25 10:53 run_load_test_with_cleanup.py
[2025-09-25T13:46:48.038+0000] {docker.py:438} INFO - drwxr-xr-x 2    1000 1000     4096 Sep 18 09:09 scripts
[2025-09-25T13:46:48.038+0000] {docker.py:438} INFO - -rw-r--r-- 1    1000 1000     2034 Sep 25 10:52 stress_test.json
[2025-09-25T13:46:48.038+0000] {docker.py:438} INFO - -rw-r--r-- 1    1000 1000      367 Sep 17 07:24 test_params.json
[2025-09-25T13:46:48.038+0000] {docker.py:438} INFO - Starting continuous container restart experiment...
[2025-09-25T13:46:49.316+0000] {docker.py:438} INFO - [32m[2025-09-25 13:46:49 INFO] Validating the experiment's syntax
[2025-09-25T13:46:49.615+0000] {docker.py:438} INFO - [32m[2025-09-25 13:46:49 INFO] Experiment looks valid
[2025-09-25T13:46:49.617+0000] {docker.py:438} INFO - [32m[2025-09-25 13:46:49 INFO] Running experiment: Continuous Container Restart Experiment
[2025-09-25T13:46:49.619+0000] {docker.py:438} INFO - [32m[2025-09-25 13:46:49 INFO] Steady-state strategy: default
[2025-09-25T13:46:49.619+0000] {docker.py:438} INFO - [32m[2025-09-25 13:46:49 INFO] Rollbacks strategy: default
[2025-09-25T13:46:49.620+0000] {docker.py:438} INFO - [32m[2025-09-25 13:46:49 INFO] No steady state hypothesis defined. That's ok, just exploring.
[2025-09-25T13:46:49.620+0000] {docker.py:438} INFO - [32m[2025-09-25 13:46:49 INFO] Playing your experiment's method now...
[2025-09-25T13:46:49.620+0000] {docker.py:438} INFO - [32m[2025-09-25 13:46:49 INFO] Action: continuous-container-restart
[2025-09-25T13:50:48.464+0000] {docker.py:438} INFO - 🚀 Starting continuous container restart experiment
[2025-09-25T13:50:48.465+0000] {docker.py:438} INFO - 📅 Interval: 5 seconds
[2025-09-25T13:50:48.466+0000] {docker.py:438} INFO - ⏱️  Duration: 400 seconds
[2025-09-25T13:50:48.466+0000] {docker.py:438} INFO - 🎯 Target: app=compose-post-service
[2025-09-25T13:50:48.466+0000] {docker.py:438} INFO - 📍 Namespace: default
[2025-09-25T13:50:48.466+0000] {docker.py:438} INFO - 📦 Container: compose-post-service
[2025-09-25T13:50:48.466+0000] {docker.py:438} INFO - 
[2025-09-25T13:50:48.466+0000] {docker.py:438} INFO - ============================================================
[2025-09-25T13:50:48.466+0000] {docker.py:438} INFO - 🔄 Container Restart #1 at 2025-09-25 13:46:49
[2025-09-25T13:50:48.467+0000] {docker.py:438} INFO - ============================================================
[2025-09-25T13:50:48.467+0000] {docker.py:438} INFO - 🔄 Container restart function started!
[2025-09-25T13:50:48.467+0000] {docker.py:438} INFO - 🔍 Selecting pods with label_selector: app=compose-post-service
[2025-09-25T13:50:48.467+0000] {docker.py:438} INFO - 📋 Found 1 pods initially
[2025-09-25T13:50:48.467+0000] {docker.py:438} INFO - 🎲 Random selection: 1 pods
[2025-09-25T13:50:48.467+0000] {docker.py:438} INFO - ✅ Selected pods: ['compose-post-service-6dff877d56-h99zt']
[2025-09-25T13:50:48.468+0000] {docker.py:438} INFO - 🎯 Restarting container in pod: compose-post-service-6dff877d56-h99zt
[2025-09-25T13:50:48.468+0000] {docker.py:438} INFO - 📊 Current restart count: 0
[2025-09-25T13:50:48.468+0000] {docker.py:438} INFO - 🔧 Trying restart strategy 1: sh -c kill -INT 1
[2025-09-25T13:50:48.468+0000] {docker.py:438} INFO - ✅ Signal sent successfully to container in pod compose-post-service-6dff877d56-h99zt
[2025-09-25T13:50:48.468+0000] {docker.py:438} INFO - ⏳ Waiting for container restart (up to 60 seconds)...
[2025-09-25T13:50:48.468+0000] {docker.py:438} INFO - ✅ Container restart verified! Count: 0 → 1
[2025-09-25T13:50:48.468+0000] {docker.py:438} INFO - 🏁 Restart operation completed for 1 containers
[2025-09-25T13:50:48.469+0000] {docker.py:438} INFO - ✅ Successfully restarted: 1 containers
[2025-09-25T13:50:48.469+0000] {docker.py:438} INFO - ✅ Successfully restarted 1 containers
[2025-09-25T13:50:48.469+0000] {docker.py:438} INFO -    📦 compose-post-service-6dff877d56-h99zt: restart_verified
[2025-09-25T13:50:48.469+0000] {docker.py:438} INFO - ⏳ Waiting 5 seconds until next restart...
[2025-09-25T13:50:48.469+0000] {docker.py:438} INFO - 📊 Time remaining: 390 seconds
[2025-09-25T13:50:48.469+0000] {docker.py:438} INFO - 📈 Total containers restarted so far: 1
[2025-09-25T13:50:48.469+0000] {docker.py:438} INFO - 
[2025-09-25T13:50:48.469+0000] {docker.py:438} INFO - ============================================================
[2025-09-25T13:50:48.470+0000] {docker.py:438} INFO - 🔄 Container Restart #2 at 2025-09-25 13:47:04
[2025-09-25T13:50:48.470+0000] {docker.py:438} INFO - ============================================================
[2025-09-25T13:50:48.470+0000] {docker.py:438} INFO - 🔄 Container restart function started!
[2025-09-25T13:50:48.470+0000] {docker.py:438} INFO - 🔍 Selecting pods with label_selector: app=compose-post-service
[2025-09-25T13:50:48.470+0000] {docker.py:438} INFO - 📋 Found 1 pods initially
[2025-09-25T13:50:48.470+0000] {docker.py:438} INFO - 🎲 Random selection: 1 pods
[2025-09-25T13:50:48.470+0000] {docker.py:438} INFO - ✅ Selected pods: ['compose-post-service-6dff877d56-h99zt']
[2025-09-25T13:50:48.470+0000] {docker.py:438} INFO - 🎯 Restarting container in pod: compose-post-service-6dff877d56-h99zt
[2025-09-25T13:50:48.471+0000] {docker.py:438} INFO - 📊 Current restart count: 1
[2025-09-25T13:50:48.471+0000] {docker.py:438} INFO - 🔧 Trying restart strategy 1: sh -c kill -INT 1
[2025-09-25T13:50:48.471+0000] {docker.py:438} INFO - ✅ Signal sent successfully to container in pod compose-post-service-6dff877d56-h99zt
[2025-09-25T13:50:48.471+0000] {docker.py:438} INFO - ⏳ Waiting for container restart (up to 60 seconds)...
[2025-09-25T13:50:48.471+0000] {docker.py:438} INFO - ✅ Container restart verified! Count: 1 → 2
[2025-09-25T13:50:48.471+0000] {docker.py:438} INFO - 🏁 Restart operation completed for 1 containers
[2025-09-25T13:50:48.471+0000] {docker.py:438} INFO - ✅ Successfully restarted: 1 containers
[2025-09-25T13:50:48.471+0000] {docker.py:438} INFO - ✅ Successfully restarted 1 containers
[2025-09-25T13:50:48.472+0000] {docker.py:438} INFO -    📦 compose-post-service-6dff877d56-h99zt: restart_verified
[2025-09-25T13:50:48.472+0000] {docker.py:438} INFO - ⏳ Waiting 5 seconds until next restart...
[2025-09-25T13:50:48.472+0000] {docker.py:438} INFO - 📊 Time remaining: 367 seconds
[2025-09-25T13:50:48.472+0000] {docker.py:438} INFO - 📈 Total containers restarted so far: 2
[2025-09-25T13:50:48.472+0000] {docker.py:438} INFO - 
[2025-09-25T13:50:48.472+0000] {docker.py:438} INFO - ============================================================
[2025-09-25T13:50:48.472+0000] {docker.py:438} INFO - 🔄 Container Restart #3 at 2025-09-25 13:47:27
[2025-09-25T13:50:48.473+0000] {docker.py:438} INFO - ============================================================
[2025-09-25T13:50:48.473+0000] {docker.py:438} INFO - 🔄 Container restart function started!
[2025-09-25T13:50:48.473+0000] {docker.py:438} INFO - 🔍 Selecting pods with label_selector: app=compose-post-service
[2025-09-25T13:50:48.473+0000] {docker.py:438} INFO - 📋 Found 1 pods initially
[2025-09-25T13:50:48.473+0000] {docker.py:438} INFO - 🎲 Random selection: 1 pods
[2025-09-25T13:50:48.473+0000] {docker.py:438} INFO - ✅ Selected pods: ['compose-post-service-6dff877d56-h99zt']
[2025-09-25T13:50:48.473+0000] {docker.py:438} INFO - 🎯 Restarting container in pod: compose-post-service-6dff877d56-h99zt
[2025-09-25T13:50:48.474+0000] {docker.py:438} INFO - 📊 Current restart count: 2
[2025-09-25T13:50:48.474+0000] {docker.py:438} INFO - 🔧 Trying restart strategy 1: sh -c kill -INT 1
[2025-09-25T13:50:48.474+0000] {docker.py:438} INFO - ✅ Signal sent successfully to container in pod compose-post-service-6dff877d56-h99zt
[2025-09-25T13:50:48.474+0000] {docker.py:438} INFO - ⏳ Waiting for container restart (up to 60 seconds)...
[2025-09-25T13:50:48.474+0000] {docker.py:438} INFO - ✅ Container restart verified! Count: 2 → 3
[2025-09-25T13:50:48.474+0000] {docker.py:438} INFO - 🏁 Restart operation completed for 1 containers
[2025-09-25T13:50:48.474+0000] {docker.py:438} INFO - ✅ Successfully restarted: 1 containers
[2025-09-25T13:50:48.475+0000] {docker.py:438} INFO - ✅ Successfully restarted 1 containers
[2025-09-25T13:50:48.475+0000] {docker.py:438} INFO -    📦 compose-post-service-6dff877d56-h99zt: restart_verified
[2025-09-25T13:50:48.475+0000] {docker.py:438} INFO - ⏳ Waiting 5 seconds until next restart...
[2025-09-25T13:50:48.475+0000] {docker.py:438} INFO - 📊 Time remaining: 324 seconds
[2025-09-25T13:50:48.475+0000] {docker.py:438} INFO - 📈 Total containers restarted so far: 3
[2025-09-25T13:50:48.475+0000] {docker.py:438} INFO - 
[2025-09-25T13:50:48.475+0000] {docker.py:438} INFO - ============================================================
[2025-09-25T13:50:48.476+0000] {docker.py:438} INFO - 🔄 Container Restart #4 at 2025-09-25 13:48:10
[2025-09-25T13:50:48.476+0000] {docker.py:438} INFO - ============================================================
[2025-09-25T13:50:48.476+0000] {docker.py:438} INFO - 🔄 Container restart function started!
[2025-09-25T13:50:48.476+0000] {docker.py:438} INFO - 🔍 Selecting pods with label_selector: app=compose-post-service
[2025-09-25T13:50:48.476+0000] {docker.py:438} INFO - 📋 Found 1 pods initially
[2025-09-25T13:50:48.476+0000] {docker.py:438} INFO - 🎲 Random selection: 1 pods
[2025-09-25T13:50:48.476+0000] {docker.py:438} INFO - ✅ Selected pods: ['compose-post-service-6dff877d56-h99zt']
[2025-09-25T13:50:48.477+0000] {docker.py:438} INFO - 🎯 Restarting container in pod: compose-post-service-6dff877d56-h99zt
[2025-09-25T13:50:48.477+0000] {docker.py:438} INFO - 📊 Current restart count: 3
[2025-09-25T13:50:48.477+0000] {docker.py:438} INFO - 🔧 Trying restart strategy 1: sh -c kill -INT 1
[2025-09-25T13:50:48.477+0000] {docker.py:438} INFO - ✅ Signal sent successfully to container in pod compose-post-service-6dff877d56-h99zt
[2025-09-25T13:50:48.477+0000] {docker.py:438} INFO - ⏳ Waiting for container restart (up to 60 seconds)...
[2025-09-25T13:50:48.477+0000] {docker.py:438} INFO - ✅ Container restart verified! Count: 3 → 4
[2025-09-25T13:50:48.477+0000] {docker.py:438} INFO - 🏁 Restart operation completed for 1 containers
[2025-09-25T13:50:48.478+0000] {docker.py:438} INFO - ✅ Successfully restarted: 1 containers
[2025-09-25T13:50:48.478+0000] {docker.py:438} INFO - ✅ Successfully restarted 1 containers
[2025-09-25T13:50:48.478+0000] {docker.py:438} INFO -    📦 compose-post-service-6dff877d56-h99zt: restart_verified
[2025-09-25T13:50:48.478+0000] {docker.py:438} INFO - ⏳ Waiting 5 seconds until next restart...
[2025-09-25T13:50:48.478+0000] {docker.py:438} INFO - 📊 Time remaining: 268 seconds
[2025-09-25T13:50:48.478+0000] {docker.py:438} INFO - 📈 Total containers restarted so far: 4
[2025-09-25T13:50:48.478+0000] {docker.py:438} INFO - 
[2025-09-25T13:50:48.478+0000] {docker.py:438} INFO - ============================================================
[2025-09-25T13:50:48.479+0000] {docker.py:438} INFO - 🔄 Container Restart #5 at 2025-09-25 13:49:07
[2025-09-25T13:50:48.479+0000] {docker.py:438} INFO - ============================================================
[2025-09-25T13:50:48.479+0000] {docker.py:438} INFO - 🔄 Container restart function started!
[2025-09-25T13:50:48.479+0000] {docker.py:438} INFO - 🔍 Selecting pods with label_selector: app=compose-post-service
[2025-09-25T13:50:48.479+0000] {docker.py:438} INFO - 📋 Found 1 pods initially
[2025-09-25T13:50:48.479+0000] {docker.py:438} INFO - 🎲 Random selection: 1 pods
[2025-09-25T13:50:48.479+0000] {docker.py:438} INFO - ✅ Selected pods: ['compose-post-service-6dff877d56-h99zt']
[2025-09-25T13:50:48.479+0000] {docker.py:438} INFO - 🎯 Restarting container in pod: compose-post-service-6dff877d56-h99zt
[2025-09-25T13:50:48.480+0000] {docker.py:438} INFO - 📊 Current restart count: 4
[2025-09-25T13:50:48.480+0000] {docker.py:438} INFO - 🔧 Trying restart strategy 1: sh -c kill -INT 1
[2025-09-25T13:50:48.480+0000] {docker.py:438} INFO - ✅ Signal sent successfully to container in pod compose-post-service-6dff877d56-h99zt
[2025-09-25T13:50:48.480+0000] {docker.py:438} INFO - ⏳ Waiting for container restart (up to 60 seconds)...
[2025-09-25T13:50:48.480+0000] {docker.py:438} INFO - ⚠️  Strategy 1 didn't cause restart, trying next...
[2025-09-25T13:50:48.480+0000] {docker.py:438} INFO - 🔧 Trying restart strategy 2: sh -c kill -2 1
[2025-09-25T13:50:48.480+0000] {docker.py:438} INFO - ❌ Strategy 2 failed: (0)
[2025-09-25T13:50:48.480+0000] {docker.py:438} INFO - Reason: Handshake status 500 Internal Server Error -+-+- {'date': 'Thu, 25 Sep 2025 13:50:14 GMT', 'connection': 'close', 'content-length': '0'} -+-+- b''
[2025-09-25T13:50:48.480+0000] {docker.py:438} INFO - 
[2025-09-25T13:50:48.481+0000] {docker.py:438} INFO - 🔧 Trying restart strategy 3: sh -c kill -TERM 1
[2025-09-25T13:50:48.481+0000] {docker.py:438} INFO - ❌ Strategy 3 failed: (0)
[2025-09-25T13:50:48.481+0000] {docker.py:438} INFO - Reason: Handshake status 500 Internal Server Error -+-+- {'date': 'Thu, 25 Sep 2025 13:50:18 GMT', 'connection': 'close', 'content-length': '0'} -+-+- b''
[2025-09-25T13:50:48.481+0000] {docker.py:438} INFO - 
[2025-09-25T13:50:48.481+0000] {docker.py:438} INFO - 🔧 Trying restart strategy 4: sh -c kill -9 1
[2025-09-25T13:50:48.481+0000] {docker.py:438} INFO - ❌ Strategy 4 failed: (0)
[2025-09-25T13:50:48.481+0000] {docker.py:438} INFO - Reason: Handshake status 500 Internal Server Error -+-+- {'date': 'Thu, 25 Sep 2025 13:50:20 GMT', 'connection': 'close', 'content-length': '0'} -+-+- b''
[2025-09-25T13:50:48.482+0000] {docker.py:438} INFO - 
[2025-09-25T13:50:48.482+0000] {docker.py:438} INFO - ❌ All restart strategies failed - container restart not verified
[2025-09-25T13:50:48.482+0000] {docker.py:438} INFO - 🏁 Restart operation completed for 1 containers
[2025-09-25T13:50:48.482+0000] {docker.py:438} INFO - ✅ Successfully restarted: 0 containers
[2025-09-25T13:50:48.482+0000] {docker.py:438} INFO - ✅ Successfully restarted 1 containers
[2025-09-25T13:50:48.482+0000] {docker.py:438} INFO -    📦 compose-post-service-6dff877d56-h99zt: restart_failed
[2025-09-25T13:50:48.482+0000] {docker.py:438} INFO - ⏳ Waiting 5 seconds until next restart...
[2025-09-25T13:50:48.482+0000] {docker.py:438} INFO - 📊 Time remaining: 189 seconds
[2025-09-25T13:50:48.482+0000] {docker.py:438} INFO - 📈 Total containers restarted so far: 5
[2025-09-25T13:50:48.483+0000] {docker.py:438} INFO - 
[2025-09-25T13:50:48.483+0000] {docker.py:438} INFO - ============================================================
[2025-09-25T13:50:48.483+0000] {docker.py:438} INFO - 🔄 Container Restart #6 at 2025-09-25 13:50:25
[2025-09-25T13:50:48.483+0000] {docker.py:438} INFO - ============================================================
[2025-09-25T13:50:48.483+0000] {docker.py:438} INFO - 🔄 Container restart function started!
[2025-09-25T13:50:48.483+0000] {docker.py:438} INFO - 🔍 Selecting pods with label_selector: app=compose-post-service
[2025-09-25T13:50:48.483+0000] {docker.py:438} INFO - 📋 Found 1 pods initially
[2025-09-25T13:50:48.484+0000] {docker.py:438} INFO - 🎲 Random selection: 1 pods
[2025-09-25T13:50:48.484+0000] {docker.py:438} INFO - ✅ Selected pods: ['compose-post-service-6dff877d56-h99zt']
[2025-09-25T13:50:48.484+0000] {docker.py:438} INFO - 🎯 Restarting container in pod: compose-post-service-6dff877d56-h99zt
[2025-09-25T13:50:48.484+0000] {docker.py:438} INFO - 📊 Current restart count: 4
[2025-09-25T13:50:48.484+0000] {docker.py:438} INFO - 🔧 Trying restart strategy 1: sh -c kill -INT 1
[2025-09-25T13:50:48.484+0000] {docker.py:438} INFO - ❌ Strategy 1 failed: (0)
[2025-09-25T13:50:48.484+0000] {docker.py:438} INFO - Reason: Handshake status 500 Internal Server Error -+-+- {'date': 'Thu, 25 Sep 2025 13:50:30 GMT', 'connection': 'close', 'content-length': '0'} -+-+- b''
[2025-09-25T13:50:48.484+0000] {docker.py:438} INFO - 
[2025-09-25T13:50:48.484+0000] {docker.py:438} INFO - 🔧 Trying restart strategy 2: sh -c kill -2 1
[2025-09-25T13:50:48.485+0000] {docker.py:438} INFO - ❌ Strategy 2 failed: (0)
[2025-09-25T13:50:48.485+0000] {docker.py:438} INFO - Reason: Handshake status 500 Internal Server Error -+-+- {'date': 'Thu, 25 Sep 2025 13:50:32 GMT', 'connection': 'close', 'content-length': '0'} -+-+- b''
[2025-09-25T13:50:48.485+0000] {docker.py:438} INFO - 
[2025-09-25T13:50:48.485+0000] {docker.py:438} INFO - 🔧 Trying restart strategy 3: sh -c kill -TERM 1
[2025-09-25T13:50:48.485+0000] {docker.py:438} INFO - ❌ Strategy 3 failed: (0)
[2025-09-25T13:50:48.485+0000] {docker.py:438} INFO - Reason: Handshake status 500 Internal Server Error -+-+- {'date': 'Thu, 25 Sep 2025 13:50:39 GMT', 'connection': 'close', 'content-length': '0'} -+-+- b''
[2025-09-25T13:50:48.485+0000] {docker.py:438} INFO - 
[2025-09-25T13:50:48.486+0000] {docker.py:438} INFO - 🔧 Trying restart strategy 4: sh -c kill -9 1
[2025-09-25T13:50:48.486+0000] {docker.py:438} INFO - ✅ Signal sent successfully to container in pod compose-post-service-6dff877d56-h99zt
[2025-09-25T13:50:48.486+0000] {docker.py:438} INFO - ⏳ Waiting for container restart (up to 60 seconds)...
[2025-09-25T13:50:48.486+0000] {docker.py:438} INFO - ✅ Container restart verified! Count: 4 → 5
[2025-09-25T13:50:48.486+0000] {docker.py:438} INFO - 🏁 Restart operation completed for 1 containers
[2025-09-25T13:50:48.486+0000] {docker.py:438} INFO - ✅ Successfully restarted: 1 containers
[2025-09-25T13:50:48.486+0000] {docker.py:438} INFO - ✅ Successfully restarted 1 containers
[2025-09-25T13:50:48.486+0000] {docker.py:438} INFO -    📦 compose-post-service-6dff877d56-h99zt: restart_verified
[2025-09-25T13:50:48.486+0000] {docker.py:438} INFO - ⏳ Waiting 5 seconds until next restart...
[2025-09-25T13:50:48.487+0000] {docker.py:438} INFO - 📊 Time remaining: 166 seconds
[2025-09-25T13:50:48.487+0000] {docker.py:438} INFO - 📈 Total containers restarted so far: 6
[2025-09-25T13:50:48.487+0000] {docker.py:438} INFO - 
[2025-09-25T13:50:48.487+0000] {docker.py:438} INFO - ============================================================
[2025-09-25T13:50:48.487+0000] {docker.py:438} INFO - 🔄 Container Restart #7 at 2025-09-25 13:50:48
[2025-09-25T13:50:48.487+0000] {docker.py:438} INFO - ============================================================
[2025-09-25T13:50:48.488+0000] {docker.py:438} INFO - 🔄 Container restart function started!
[2025-09-25T13:53:13.781+0000] {docker.py:438} INFO - 🔍 Selecting pods with label_selector: app=compose-post-service
[2025-09-25T13:53:13.781+0000] {docker.py:438} INFO - 📋 Found 1 pods initially
[2025-09-25T13:53:13.782+0000] {docker.py:438} INFO - 🎲 Random selection: 1 pods
[2025-09-25T13:53:13.782+0000] {docker.py:438} INFO - ✅ Selected pods: ['compose-post-service-6dff877d56-h99zt']
[2025-09-25T13:53:13.782+0000] {docker.py:438} INFO - 🎯 Restarting container in pod: compose-post-service-6dff877d56-h99zt
[2025-09-25T13:53:13.782+0000] {docker.py:438} INFO - 📊 Current restart count: 5
[2025-09-25T13:53:13.782+0000] {docker.py:438} INFO - 🔧 Trying restart strategy 1: sh -c kill -INT 1
[2025-09-25T13:53:13.782+0000] {docker.py:438} INFO - ✅ Signal sent successfully to container in pod compose-post-service-6dff877d56-h99zt
[2025-09-25T13:53:13.782+0000] {docker.py:438} INFO - ⏳ Waiting for container restart (up to 60 seconds)...
[2025-09-25T13:53:13.783+0000] {docker.py:438} INFO - ⚠️  Strategy 1 didn't cause restart, trying next...
[2025-09-25T13:53:13.783+0000] {docker.py:438} INFO - 🔧 Trying restart strategy 2: sh -c kill -2 1
[2025-09-25T13:53:13.783+0000] {docker.py:438} INFO - ❌ Strategy 2 failed: (0)
[2025-09-25T13:53:13.783+0000] {docker.py:438} INFO - Reason: Handshake status 500 Internal Server Error -+-+- {'date': 'Thu, 25 Sep 2025 13:51:57 GMT', 'connection': 'close', 'content-length': '0'} -+-+- b''
[2025-09-25T13:53:13.783+0000] {docker.py:438} INFO - 
[2025-09-25T13:53:13.783+0000] {docker.py:438} INFO - 🔧 Trying restart strategy 3: sh -c kill -TERM 1
[2025-09-25T13:53:13.784+0000] {docker.py:438} INFO - ❌ Strategy 3 failed: (0)
[2025-09-25T13:53:13.784+0000] {docker.py:438} INFO - Reason: Handshake status 500 Internal Server Error -+-+- {'date': 'Thu, 25 Sep 2025 13:51:59 GMT', 'connection': 'close', 'content-length': '0'} -+-+- b''
[2025-09-25T13:53:13.784+0000] {docker.py:438} INFO - 
[2025-09-25T13:53:13.784+0000] {docker.py:438} INFO - 🔧 Trying restart strategy 4: sh -c kill -9 1
[2025-09-25T13:53:13.784+0000] {docker.py:438} INFO - ❌ Strategy 4 failed: (0)
[2025-09-25T13:53:13.784+0000] {docker.py:438} INFO - Reason: Handshake status 500 Internal Server Error -+-+- {'date': 'Thu, 25 Sep 2025 13:52:08 GMT', 'connection': 'close', 'content-length': '0'} -+-+- b''
[2025-09-25T13:53:13.785+0000] {docker.py:438} INFO - 
[2025-09-25T13:53:13.785+0000] {docker.py:438} INFO - ❌ All restart strategies failed - container restart not verified
[2025-09-25T13:53:13.785+0000] {docker.py:438} INFO - 🏁 Restart operation completed for 1 containers
[2025-09-25T13:53:13.785+0000] {docker.py:438} INFO - ✅ Successfully restarted: 0 containers
[2025-09-25T13:53:13.785+0000] {docker.py:438} INFO - ✅ Successfully restarted 1 containers
[2025-09-25T13:53:13.785+0000] {docker.py:438} INFO -    📦 compose-post-service-6dff877d56-h99zt: restart_failed
[2025-09-25T13:53:13.785+0000] {docker.py:438} INFO - ⏳ Waiting 5 seconds until next restart...
[2025-09-25T13:53:13.785+0000] {docker.py:438} INFO - 📊 Time remaining: 81 seconds
[2025-09-25T13:53:13.786+0000] {docker.py:438} INFO - 📈 Total containers restarted so far: 7
[2025-09-25T13:53:13.786+0000] {docker.py:438} INFO - 
[2025-09-25T13:53:13.786+0000] {docker.py:438} INFO - ============================================================
[2025-09-25T13:53:13.786+0000] {docker.py:438} INFO - 🔄 Container Restart #8 at 2025-09-25 13:52:13
[2025-09-25T13:53:13.786+0000] {docker.py:438} INFO - ============================================================
[2025-09-25T13:53:13.786+0000] {docker.py:438} INFO - 🔄 Container restart function started!
[2025-09-25T13:53:13.786+0000] {docker.py:438} INFO - 🔍 Selecting pods with label_selector: app=compose-post-service
[2025-09-25T13:53:13.786+0000] {docker.py:438} INFO - 📋 Found 1 pods initially
[2025-09-25T13:53:13.787+0000] {docker.py:438} INFO - 🎲 Random selection: 1 pods
[2025-09-25T13:53:13.787+0000] {docker.py:438} INFO - ✅ Selected pods: ['compose-post-service-6dff877d56-h99zt']
[2025-09-25T13:53:13.787+0000] {docker.py:438} INFO - 🎯 Restarting container in pod: compose-post-service-6dff877d56-h99zt
[2025-09-25T13:53:13.787+0000] {docker.py:438} INFO - 📊 Current restart count: 5
[2025-09-25T13:53:13.787+0000] {docker.py:438} INFO - 🔧 Trying restart strategy 1: sh -c kill -INT 1
[2025-09-25T13:53:13.787+0000] {docker.py:438} INFO - ❌ Strategy 1 failed: (0)
[2025-09-25T13:53:13.787+0000] {docker.py:438} INFO - Reason: Handshake status 500 Internal Server Error -+-+- {'date': 'Thu, 25 Sep 2025 13:52:20 GMT', 'connection': 'close', 'content-length': '0'} -+-+- b''
[2025-09-25T13:53:13.788+0000] {docker.py:438} INFO - 
[2025-09-25T13:53:13.788+0000] {docker.py:438} INFO - 🔧 Trying restart strategy 2: sh -c kill -2 1
[2025-09-25T13:53:13.788+0000] {docker.py:438} INFO - ❌ Strategy 2 failed: (0)
[2025-09-25T13:53:13.788+0000] {docker.py:438} INFO - Reason: Handshake status 500 Internal Server Error -+-+- {'date': 'Thu, 25 Sep 2025 13:52:23 GMT', 'connection': 'close', 'content-length': '0'} -+-+- b''
[2025-09-25T13:53:13.788+0000] {docker.py:438} INFO - 
[2025-09-25T13:53:13.788+0000] {docker.py:438} INFO - 🔧 Trying restart strategy 3: sh -c kill -TERM 1
[2025-09-25T13:53:13.788+0000] {docker.py:438} INFO - ❌ Strategy 3 failed: (0)
[2025-09-25T13:53:13.788+0000] {docker.py:438} INFO - Reason: Handshake status 500 Internal Server Error -+-+- {'date': 'Thu, 25 Sep 2025 13:52:24 GMT', 'connection': 'close', 'content-length': '0'} -+-+- b''
[2025-09-25T13:53:13.789+0000] {docker.py:438} INFO - 
[2025-09-25T13:53:13.789+0000] {docker.py:438} INFO - 🔧 Trying restart strategy 4: sh -c kill -9 1
[2025-09-25T13:53:13.789+0000] {docker.py:438} INFO - ❌ Strategy 4 failed: (0)
[2025-09-25T13:53:13.789+0000] {docker.py:438} INFO - Reason: Handshake status 500 Internal Server Error -+-+- {'date': 'Thu, 25 Sep 2025 13:52:26 GMT', 'connection': 'close', 'content-length': '0'} -+-+- b''
[2025-09-25T13:53:13.789+0000] {docker.py:438} INFO - 
[2025-09-25T13:53:13.789+0000] {docker.py:438} INFO - ❌ All restart strategies failed - container restart not verified
[2025-09-25T13:53:13.790+0000] {docker.py:438} INFO - 🏁 Restart operation completed for 1 containers
[2025-09-25T13:53:13.790+0000] {docker.py:438} INFO - ✅ Successfully restarted: 0 containers
[2025-09-25T13:53:13.790+0000] {docker.py:438} INFO - ✅ Successfully restarted 1 containers
[2025-09-25T13:53:13.790+0000] {docker.py:438} INFO -    📦 compose-post-service-6dff877d56-h99zt: restart_failed
[2025-09-25T13:53:13.790+0000] {docker.py:438} INFO - ⏳ Waiting 5 seconds until next restart...
[2025-09-25T13:53:13.791+0000] {docker.py:438} INFO - 📊 Time remaining: 63 seconds
[2025-09-25T13:53:13.791+0000] {docker.py:438} INFO - 📈 Total containers restarted so far: 8
[2025-09-25T13:53:13.791+0000] {docker.py:438} INFO - 
[2025-09-25T13:53:13.791+0000] {docker.py:438} INFO - ============================================================
[2025-09-25T13:53:13.791+0000] {docker.py:438} INFO - 🔄 Container Restart #9 at 2025-09-25 13:52:31
[2025-09-25T13:53:13.792+0000] {docker.py:438} INFO - ============================================================
[2025-09-25T13:53:13.792+0000] {docker.py:438} INFO - 🔄 Container restart function started!
[2025-09-25T13:53:13.792+0000] {docker.py:438} INFO - 🔍 Selecting pods with label_selector: app=compose-post-service
[2025-09-25T13:53:13.792+0000] {docker.py:438} INFO - 📋 Found 1 pods initially
[2025-09-25T13:53:13.792+0000] {docker.py:438} INFO - 🎲 Random selection: 1 pods
[2025-09-25T13:53:13.793+0000] {docker.py:438} INFO - ✅ Selected pods: ['compose-post-service-6dff877d56-h99zt']
[2025-09-25T13:53:13.793+0000] {docker.py:438} INFO - 🎯 Restarting container in pod: compose-post-service-6dff877d56-h99zt
[2025-09-25T13:53:13.793+0000] {docker.py:438} INFO - 📊 Current restart count: 5
[2025-09-25T13:53:13.793+0000] {docker.py:438} INFO - 🔧 Trying restart strategy 1: sh -c kill -INT 1
[2025-09-25T13:53:13.793+0000] {docker.py:438} INFO - ❌ Strategy 1 failed: (0)
[2025-09-25T13:53:13.794+0000] {docker.py:438} INFO - Reason: Handshake status 500 Internal Server Error -+-+- {'date': 'Thu, 25 Sep 2025 13:52:36 GMT', 'connection': 'close', 'content-length': '0'} -+-+- b''
[2025-09-25T13:53:13.794+0000] {docker.py:438} INFO - 
[2025-09-25T13:53:13.794+0000] {docker.py:438} INFO - 🔧 Trying restart strategy 2: sh -c kill -2 1
[2025-09-25T13:53:13.794+0000] {docker.py:438} INFO - ❌ Strategy 2 failed: (0)
[2025-09-25T13:53:13.794+0000] {docker.py:438} INFO - Reason: Handshake status 500 Internal Server Error -+-+- {'date': 'Thu, 25 Sep 2025 13:52:40 GMT', 'connection': 'close', 'content-length': '0'} -+-+- b''
[2025-09-25T13:53:13.794+0000] {docker.py:438} INFO - 
[2025-09-25T13:53:13.794+0000] {docker.py:438} INFO - 🔧 Trying restart strategy 3: sh -c kill -TERM 1
[2025-09-25T13:53:13.795+0000] {docker.py:438} INFO - ❌ Strategy 3 failed: (0)
[2025-09-25T13:53:13.795+0000] {docker.py:438} INFO - Reason: Handshake status 500 Internal Server Error -+-+- {'date': 'Thu, 25 Sep 2025 13:52:42 GMT', 'connection': 'close', 'content-length': '0'} -+-+- b''
[2025-09-25T13:53:13.795+0000] {docker.py:438} INFO - 
[2025-09-25T13:53:13.795+0000] {docker.py:438} INFO - 🔧 Trying restart strategy 4: sh -c kill -9 1
[2025-09-25T13:53:13.795+0000] {docker.py:438} INFO - ❌ Strategy 4 failed: (0)
[2025-09-25T13:53:13.795+0000] {docker.py:438} INFO - Reason: Handshake status 500 Internal Server Error -+-+- {'date': 'Thu, 25 Sep 2025 13:52:43 GMT', 'connection': 'close', 'content-length': '0'} -+-+- b''
[2025-09-25T13:53:13.795+0000] {docker.py:438} INFO - 
[2025-09-25T13:53:13.795+0000] {docker.py:438} INFO - ❌ All restart strategies failed - container restart not verified
[2025-09-25T13:53:13.796+0000] {docker.py:438} INFO - 🏁 Restart operation completed for 1 containers
[2025-09-25T13:53:13.796+0000] {docker.py:438} INFO - ✅ Successfully restarted: 0 containers
[2025-09-25T13:53:13.796+0000] {docker.py:438} INFO - ✅ Successfully restarted 1 containers
[2025-09-25T13:53:13.796+0000] {docker.py:438} INFO -    📦 compose-post-service-6dff877d56-h99zt: restart_failed
[2025-09-25T13:53:13.796+0000] {docker.py:438} INFO - ⏳ Waiting 5 seconds until next restart...
[2025-09-25T13:53:13.796+0000] {docker.py:438} INFO - 📊 Time remaining: 46 seconds
[2025-09-25T13:53:13.796+0000] {docker.py:438} INFO - 📈 Total containers restarted so far: 9
[2025-09-25T13:53:13.796+0000] {docker.py:438} INFO - 
[2025-09-25T13:53:13.797+0000] {docker.py:438} INFO - ============================================================
[2025-09-25T13:53:13.797+0000] {docker.py:438} INFO - 🔄 Container Restart #10 at 2025-09-25 13:52:48
[2025-09-25T13:53:13.797+0000] {docker.py:438} INFO - ============================================================
[2025-09-25T13:53:13.797+0000] {docker.py:438} INFO - 🔄 Container restart function started!
[2025-09-25T13:53:13.797+0000] {docker.py:438} INFO - 🔍 Selecting pods with label_selector: app=compose-post-service
[2025-09-25T13:53:13.797+0000] {docker.py:438} INFO - 📋 Found 1 pods initially
[2025-09-25T13:53:13.797+0000] {docker.py:438} INFO - 🎲 Random selection: 1 pods
[2025-09-25T13:53:13.797+0000] {docker.py:438} INFO - ✅ Selected pods: ['compose-post-service-6dff877d56-h99zt']
[2025-09-25T13:53:13.798+0000] {docker.py:438} INFO - 🎯 Restarting container in pod: compose-post-service-6dff877d56-h99zt
[2025-09-25T13:53:13.798+0000] {docker.py:438} INFO - 📊 Current restart count: 5
[2025-09-25T13:53:13.798+0000] {docker.py:438} INFO - 🔧 Trying restart strategy 1: sh -c kill -INT 1
[2025-09-25T13:53:13.798+0000] {docker.py:438} INFO - ❌ Strategy 1 failed: (0)
[2025-09-25T13:53:13.798+0000] {docker.py:438} INFO - Reason: Handshake status 500 Internal Server Error -+-+- {'date': 'Thu, 25 Sep 2025 13:52:54 GMT', 'connection': 'close', 'content-length': '0'} -+-+- b''
[2025-09-25T13:53:13.798+0000] {docker.py:438} INFO - 
[2025-09-25T13:53:13.798+0000] {docker.py:438} INFO - 🔧 Trying restart strategy 2: sh -c kill -2 1
[2025-09-25T13:53:13.798+0000] {docker.py:438} INFO - ❌ Strategy 2 failed: (0)
[2025-09-25T13:53:13.798+0000] {docker.py:438} INFO - Reason: Handshake status 500 Internal Server Error -+-+- {'date': 'Thu, 25 Sep 2025 13:52:55 GMT', 'connection': 'close', 'content-length': '0'} -+-+- b''
[2025-09-25T13:53:13.799+0000] {docker.py:438} INFO - 
[2025-09-25T13:53:13.799+0000] {docker.py:438} INFO - 🔧 Trying restart strategy 3: sh -c kill -TERM 1
[2025-09-25T13:53:13.799+0000] {docker.py:438} INFO - ❌ Strategy 3 failed: (0)
[2025-09-25T13:53:13.799+0000] {docker.py:438} INFO - Reason: Handshake status 500 Internal Server Error -+-+- {'date': 'Thu, 25 Sep 2025 13:52:57 GMT', 'connection': 'close', 'content-length': '0'} -+-+- b''
[2025-09-25T13:53:13.799+0000] {docker.py:438} INFO - 
[2025-09-25T13:53:13.799+0000] {docker.py:438} INFO - 🔧 Trying restart strategy 4: sh -c kill -9 1
[2025-09-25T13:53:13.799+0000] {docker.py:438} INFO - ❌ Strategy 4 failed: (0)
[2025-09-25T13:53:13.799+0000] {docker.py:438} INFO - Reason: Handshake status 500 Internal Server Error -+-+- {'date': 'Thu, 25 Sep 2025 13:52:59 GMT', 'connection': 'close', 'content-length': '0'} -+-+- b''
[2025-09-25T13:53:13.800+0000] {docker.py:438} INFO - 
[2025-09-25T13:53:13.800+0000] {docker.py:438} INFO - ❌ All restart strategies failed - container restart not verified
[2025-09-25T13:53:13.800+0000] {docker.py:438} INFO - 🏁 Restart operation completed for 1 containers
[2025-09-25T13:53:13.800+0000] {docker.py:438} INFO - ✅ Successfully restarted: 0 containers
[2025-09-25T13:53:13.800+0000] {docker.py:438} INFO - ✅ Successfully restarted 1 containers
[2025-09-25T13:53:13.800+0000] {docker.py:438} INFO -    📦 compose-post-service-6dff877d56-h99zt: restart_failed
[2025-09-25T13:53:13.800+0000] {docker.py:438} INFO - ⏳ Waiting 5 seconds until next restart...
[2025-09-25T13:53:13.800+0000] {docker.py:438} INFO - 📊 Time remaining: 30 seconds
[2025-09-25T13:53:13.800+0000] {docker.py:438} INFO - 📈 Total containers restarted so far: 10
[2025-09-25T13:53:13.801+0000] {docker.py:438} INFO - 
[2025-09-25T13:53:13.801+0000] {docker.py:438} INFO - ============================================================
[2025-09-25T13:53:13.801+0000] {docker.py:438} INFO - 🔄 Container Restart #11 at 2025-09-25 13:53:04
[2025-09-25T13:53:13.801+0000] {docker.py:438} INFO - ============================================================
[2025-09-25T13:53:13.801+0000] {docker.py:438} INFO - 🔄 Container restart function started!
[2025-09-25T13:53:13.801+0000] {docker.py:438} INFO - 🔍 Selecting pods with label_selector: app=compose-post-service
[2025-09-25T13:53:13.801+0000] {docker.py:438} INFO - 📋 Found 1 pods initially
[2025-09-25T13:53:13.801+0000] {docker.py:438} INFO - 🎲 Random selection: 1 pods
[2025-09-25T13:53:13.802+0000] {docker.py:438} INFO - ✅ Selected pods: ['compose-post-service-6dff877d56-h99zt']
[2025-09-25T13:53:13.802+0000] {docker.py:438} INFO - 🎯 Restarting container in pod: compose-post-service-6dff877d56-h99zt
[2025-09-25T13:53:13.802+0000] {docker.py:438} INFO - 📊 Current restart count: 5
[2025-09-25T13:53:13.802+0000] {docker.py:438} INFO - 🔧 Trying restart strategy 1: sh -c kill -INT 1
[2025-09-25T13:53:13.802+0000] {docker.py:438} INFO - ❌ Strategy 1 failed: (0)
[2025-09-25T13:53:13.802+0000] {docker.py:438} INFO - Reason: Handshake status 500 Internal Server Error -+-+- {'date': 'Thu, 25 Sep 2025 13:53:09 GMT', 'connection': 'close', 'content-length': '0'} -+-+- b''
[2025-09-25T13:53:13.802+0000] {docker.py:438} INFO - 
[2025-09-25T13:53:13.802+0000] {docker.py:438} INFO - 🔧 Trying restart strategy 2: sh -c kill -2 1
[2025-09-25T13:53:13.803+0000] {docker.py:438} INFO - ❌ Strategy 2 failed: (0)
[2025-09-25T13:53:13.803+0000] {docker.py:438} INFO - Reason: Handshake status 500 Internal Server Error -+-+- {'date': 'Thu, 25 Sep 2025 13:53:11 GMT', 'connection': 'close', 'content-length': '0'} -+-+- b''
[2025-09-25T13:53:13.803+0000] {docker.py:438} INFO - 
[2025-09-25T13:53:13.803+0000] {docker.py:438} INFO - 🔧 Trying restart strategy 3: sh -c kill -TERM 1
[2025-09-25T13:53:13.803+0000] {docker.py:438} INFO - ❌ Strategy 3 failed: (0)
[2025-09-25T13:53:13.803+0000] {docker.py:438} INFO - Reason: Handshake status 500 Internal Server Error -+-+- {'date': 'Thu, 25 Sep 2025 13:53:13 GMT', 'connection': 'close', 'content-length': '0'} -+-+- b''
[2025-09-25T13:53:30.055+0000] {docker.py:438} INFO - [32m[2025-09-25 13:53:30 INFO] Let's rollback...
[2025-09-25T13:53:30.056+0000] {docker.py:438} INFO - [32m[2025-09-25 13:53:30 INFO] Rollback: verify-pods-running
[2025-09-25T13:53:30.056+0000] {docker.py:438} INFO - [32m[2025-09-25 13:53:30 INFO] Probe: verify-pods-running
[2025-09-25T13:53:31.817+0000] {docker.py:438} INFO - [32m[2025-09-25 13:53:31 INFO] Experiment ended with status: completed
[2025-09-25T13:53:31.818+0000] {docker.py:438} INFO - 🔧 Trying restart strategy 4: sh -c kill -9 1
[2025-09-25T13:53:31.818+0000] {docker.py:438} INFO - ❌ Strategy 4 failed: (0)
[2025-09-25T13:53:31.818+0000] {docker.py:438} INFO - Reason: Handshake status 500 Internal Server Error -+-+- {'date': 'Thu, 25 Sep 2025 13:53:15 GMT', 'connection': 'close', 'content-length': '0'} -+-+- b''
[2025-09-25T13:53:31.818+0000] {docker.py:438} INFO - 
[2025-09-25T13:53:31.819+0000] {docker.py:438} INFO - ❌ All restart strategies failed - container restart not verified
[2025-09-25T13:53:31.819+0000] {docker.py:438} INFO - 🏁 Restart operation completed for 1 containers
[2025-09-25T13:53:31.819+0000] {docker.py:438} INFO - ✅ Successfully restarted: 0 containers
[2025-09-25T13:53:31.819+0000] {docker.py:438} INFO - ✅ Successfully restarted 1 containers
[2025-09-25T13:53:31.819+0000] {docker.py:438} INFO -    📦 compose-post-service-6dff877d56-h99zt: restart_failed
[2025-09-25T13:53:31.819+0000] {docker.py:438} INFO - ⏳ Waiting 5 seconds until next restart...
[2025-09-25T13:53:31.819+0000] {docker.py:438} INFO - 📊 Time remaining: 14 seconds
[2025-09-25T13:53:31.820+0000] {docker.py:438} INFO - 📈 Total containers restarted so far: 11
[2025-09-25T13:53:31.820+0000] {docker.py:438} INFO - 
[2025-09-25T13:53:31.820+0000] {docker.py:438} INFO - ============================================================
[2025-09-25T13:53:31.820+0000] {docker.py:438} INFO - 🔄 Container Restart #12 at 2025-09-25 13:53:20
[2025-09-25T13:53:31.820+0000] {docker.py:438} INFO - ============================================================
[2025-09-25T13:53:31.820+0000] {docker.py:438} INFO - 🔄 Container restart function started!
[2025-09-25T13:53:31.820+0000] {docker.py:438} INFO - 🔍 Selecting pods with label_selector: app=compose-post-service
[2025-09-25T13:53:31.820+0000] {docker.py:438} INFO - 📋 Found 1 pods initially
[2025-09-25T13:53:31.821+0000] {docker.py:438} INFO - 🎲 Random selection: 1 pods
[2025-09-25T13:53:31.821+0000] {docker.py:438} INFO - ✅ Selected pods: ['compose-post-service-6dff877d56-h99zt']
[2025-09-25T13:53:31.821+0000] {docker.py:438} INFO - 🎯 Restarting container in pod: compose-post-service-6dff877d56-h99zt
[2025-09-25T13:53:31.821+0000] {docker.py:438} INFO - 📊 Current restart count: 5
[2025-09-25T13:53:31.821+0000] {docker.py:438} INFO - 🔧 Trying restart strategy 1: sh -c kill -INT 1
[2025-09-25T13:53:31.821+0000] {docker.py:438} INFO - ❌ Strategy 1 failed: (0)
[2025-09-25T13:53:31.822+0000] {docker.py:438} INFO - Reason: Handshake status 500 Internal Server Error -+-+- {'date': 'Thu, 25 Sep 2025 13:53:24 GMT', 'connection': 'close', 'content-length': '0'} -+-+- b''
[2025-09-25T13:53:31.822+0000] {docker.py:438} INFO - 
[2025-09-25T13:53:31.822+0000] {docker.py:438} INFO - 🔧 Trying restart strategy 2: sh -c kill -2 1
[2025-09-25T13:53:31.822+0000] {docker.py:438} INFO - ❌ Strategy 2 failed: (0)
[2025-09-25T13:53:31.822+0000] {docker.py:438} INFO - Reason: Handshake status 500 Internal Server Error -+-+- {'date': 'Thu, 25 Sep 2025 13:53:26 GMT', 'connection': 'close', 'content-length': '0'} -+-+- b''
[2025-09-25T13:53:31.822+0000] {docker.py:438} INFO - 
[2025-09-25T13:53:31.822+0000] {docker.py:438} INFO - 🔧 Trying restart strategy 3: sh -c kill -TERM 1
[2025-09-25T13:53:31.823+0000] {docker.py:438} INFO - ❌ Strategy 3 failed: (0)
[2025-09-25T13:53:31.823+0000] {docker.py:438} INFO - Reason: Handshake status 500 Internal Server Error -+-+- {'date': 'Thu, 25 Sep 2025 13:53:28 GMT', 'connection': 'close', 'content-length': '0'} -+-+- b''
[2025-09-25T13:53:31.823+0000] {docker.py:438} INFO - 
[2025-09-25T13:53:31.823+0000] {docker.py:438} INFO - 🔧 Trying restart strategy 4: sh -c kill -9 1
[2025-09-25T13:53:31.823+0000] {docker.py:438} INFO - ❌ Strategy 4 failed: (0)
[2025-09-25T13:53:31.823+0000] {docker.py:438} INFO - Reason: Handshake status 500 Internal Server Error -+-+- {'date': 'Thu, 25 Sep 2025 13:53:29 GMT', 'connection': 'close', 'content-length': '0'} -+-+- b''
[2025-09-25T13:53:31.823+0000] {docker.py:438} INFO - 
[2025-09-25T13:53:31.823+0000] {docker.py:438} INFO - ❌ All restart strategies failed - container restart not verified
[2025-09-25T13:53:31.824+0000] {docker.py:438} INFO - 🏁 Restart operation completed for 1 containers
[2025-09-25T13:53:31.824+0000] {docker.py:438} INFO - ✅ Successfully restarted: 0 containers
[2025-09-25T13:53:31.824+0000] {docker.py:438} INFO - ✅ Successfully restarted 1 containers
[2025-09-25T13:53:31.824+0000] {docker.py:438} INFO -    📦 compose-post-service-6dff877d56-h99zt: restart_failed
[2025-09-25T13:53:31.825+0000] {docker.py:438} INFO - ⏰ Less than 5 seconds remaining, stopping experiment
[2025-09-25T13:53:31.825+0000] {docker.py:438} INFO - 
[2025-09-25T13:53:31.825+0000] {docker.py:438} INFO - ============================================================
[2025-09-25T13:53:31.825+0000] {docker.py:438} INFO - 🏁 Container Restart Experiment Completed!
[2025-09-25T13:53:31.826+0000] {docker.py:438} INFO - ============================================================
[2025-09-25T13:53:31.826+0000] {docker.py:438} INFO - 📈 Total restart cycles: 12
[2025-09-25T13:53:31.826+0000] {docker.py:438} INFO - 📦 Total containers restarted: 12
[2025-09-25T13:53:31.826+0000] {docker.py:438} INFO - ⏱️  Total duration: 400 seconds
[2025-09-25T13:53:31.826+0000] {docker.py:438} INFO - 📊 Average cycle time: 33.4 seconds
[2025-09-25T13:53:31.827+0000] {docker.py:438} INFO - 🎯 Target selector: app=compose-post-service
[2025-09-25T13:53:31.827+0000] {docker.py:438} INFO - 📍 Namespace: default
[2025-09-25T13:53:32.005+0000] {docker.py:438} INFO - Container restart experiment completed successfully
[2025-09-25T13:53:32.419+0000] {taskinstance.py:340} INFO - ::group::Post task execution logs
[2025-09-25T13:53:32.419+0000] {taskinstance.py:352} INFO - Marking task as SUCCESS. dag_id=Container_Restart, task_id=apply_container_restart_docker, run_id=scheduled__2025-01-10T00:00:00+00:00, execution_date=20250110T000000, start_date=20250925T134635, end_date=20250925T135332
[2025-09-25T13:53:32.506+0000] {local_task_job_runner.py:266} INFO - Task exited with return code 0
[2025-09-25T13:53:32.545+0000] {taskinstance.py:3900} INFO - 0 downstream tasks scheduled from follow-on schedule check
[2025-09-25T13:53:32.548+0000] {local_task_job_runner.py:245} INFO - ::endgroup::
[2025-09-26T04:08:56.346+0000] {local_task_job_runner.py:123} INFO - ::group::Pre task execution logs
[2025-09-26T04:08:56.364+0000] {taskinstance.py:2612} INFO - Dependencies all met for dep_context=non-requeueable deps ti=<TaskInstance: Container_Restart.apply_container_restart_docker scheduled__2025-01-10T00:00:00+00:00 [queued]>
[2025-09-26T04:08:56.372+0000] {taskinstance.py:2612} INFO - Dependencies all met for dep_context=requeueable deps ti=<TaskInstance: Container_Restart.apply_container_restart_docker scheduled__2025-01-10T00:00:00+00:00 [queued]>
[2025-09-26T04:08:56.372+0000] {taskinstance.py:2865} INFO - Starting attempt 1 of 1
[2025-09-26T04:08:56.386+0000] {taskinstance.py:2888} INFO - Executing <Task(DockerOperator): apply_container_restart_docker> on 2025-01-10 00:00:00+00:00
[2025-09-26T04:08:56.391+0000] {standard_task_runner.py:72} INFO - Started process 191 to run task
[2025-09-26T04:08:56.397+0000] {standard_task_runner.py:104} INFO - Running: ['***', 'tasks', 'run', 'Container_Restart', 'apply_container_restart_docker', 'scheduled__2025-01-10T00:00:00+00:00', '--job-id', '323', '--raw', '--subdir', 'DAGS_FOLDER/dag_factory.py', '--cfg-path', '/tmp/tmpzzwjz21x']
[2025-09-26T04:08:56.398+0000] {standard_task_runner.py:105} INFO - Job 323: Subtask apply_container_restart_docker
[2025-09-26T04:08:56.463+0000] {task_command.py:467} INFO - Running <TaskInstance: Container_Restart.apply_container_restart_docker scheduled__2025-01-10T00:00:00+00:00 [running]> on host BNXL-80508-WL.India.XoriantCorp.com
[2025-09-26T04:08:56.562+0000] {taskinstance.py:3131} INFO - Exporting env vars: AIRFLOW_CTX_DAG_OWNER='***' AIRFLOW_CTX_DAG_ID='Container_Restart' AIRFLOW_CTX_TASK_ID='apply_container_restart_docker' AIRFLOW_CTX_EXECUTION_DATE='2025-01-10T00:00:00+00:00' AIRFLOW_CTX_TRY_NUMBER='1' AIRFLOW_CTX_DAG_RUN_ID='scheduled__2025-01-10T00:00:00+00:00'
[2025-09-26T04:08:56.564+0000] {taskinstance.py:731} INFO - ::endgroup::
[2025-09-26T04:08:56.629+0000] {docker.py:367} INFO - Starting docker container from image priyanshu01ce/***_chaos:latest
[2025-09-26T04:08:56.889+0000] {docker.py:438} INFO - The container is run as root user. For security, consider using a regular user account.
[2025-09-26T04:09:04.332+0000] {docker.py:438} INFO - 
[2025-09-26T04:09:04.338+0000] {docker.py:438} INFO - total 11520
[2025-09-26T04:09:04.339+0000] {docker.py:438} INFO - drwxr-xr-x 4    1000 1000     4096 Sep 25 11:14 .
[2025-09-26T04:09:04.339+0000] {docker.py:438} INFO - drwxr-xr-x 1 *** root     4096 Sep 24 12:24 ..
[2025-09-26T04:09:04.339+0000] {docker.py:438} INFO - -rw-r--r-- 1    1000 1000     1193 Sep  8 07:02 API_Latency.json
[2025-09-26T04:09:04.339+0000] {docker.py:438} INFO - -rw-r--r-- 1    1000 1000      729 Sep  9 10:30 API_Timeout.json
[2025-09-26T04:09:04.340+0000] {docker.py:438} INFO - -rw-r--r-- 1    1000 1000     1333 Sep 25 12:12 Continuous_Load_Test.yaml
[2025-09-26T04:09:04.340+0000] {docker.py:438} INFO - -rw-r--r-- 1    1000 1000     1241 Sep 25 11:21 Load_Test.yaml
[2025-09-26T04:09:04.340+0000] {docker.py:438} INFO - -rw-r--r-- 1    1000 1000     1177 Sep 25 10:49 Stress_test.yaml
[2025-09-26T04:09:04.341+0000] {docker.py:438} INFO - -rw-r--r-- 1    1000 1000     1017 Sep 24 10:45 Stress_test_kube.yaml
[2025-09-26T04:09:04.341+0000] {docker.py:438} INFO - drwxr-xr-x 2 root    root     4096 Sep 26 04:06 __pycache__
[2025-09-26T04:09:04.341+0000] {docker.py:438} INFO - -rw-r--r-- 1    1000 1000     8875 Sep 25 16:54 chaosk6_actions.py
[2025-09-26T04:09:04.341+0000] {docker.py:438} INFO - -rw-rw-r-- 1 root    root   140193 Sep 26 04:08 chaostoolkit.log
[2025-09-26T04:09:04.342+0000] {docker.py:438} INFO - -rw-r--r-- 1    1000 1000     3213 Sep  9 09:11 combined-sequential.json
[2025-09-26T04:09:04.342+0000] {docker.py:438} INFO - -rw-r--r-- 1    1000 1000      502 Sep 16 05:31 connection_test_experiment.json
[2025-09-26T04:09:04.342+0000] {docker.py:438} INFO - -rw-r--r-- 1    1000 1000     1420 Sep 24 06:53 container_restart.json
[2025-09-26T04:09:04.343+0000] {docker.py:438} INFO - -rw-r--r-- 1    1000 1000    12495 Sep 26 03:54 container_restart.py
[2025-09-26T04:09:04.343+0000] {docker.py:438} INFO - -rw-r--r-- 1    1000 1000     1315 Sep 25 11:12 container_restart.yaml
[2025-09-26T04:09:04.343+0000] {docker.py:438} INFO - -rw-r--r-- 1    1000 1000     1031 Sep 24 07:37 container_restart_kube.yaml
[2025-09-26T04:09:04.343+0000] {docker.py:438} INFO - -rw-r--r-- 1    1000 1000     1409 Sep 18 12:30 continuous_load_test.json
[2025-09-26T04:09:04.344+0000] {docker.py:438} INFO - -rw-r--r-- 1    1000 1000     1637 Sep 25 10:13 cordon-uncordon-node.json
[2025-09-26T04:09:04.344+0000] {docker.py:438} INFO - -rw-r--r-- 1    1000 1000     1637 Sep 25 04:39 cordon_test.json
[2025-09-26T04:09:04.344+0000] {docker.py:438} INFO - -rw-r--r-- 1    1000 1000     1037 Sep 25 11:18 cordon_uncordon_node.yaml
[2025-09-26T04:09:04.345+0000] {docker.py:438} INFO - -rw-r--r-- 1    1000 1000     1214 Sep 24 17:12 cordon_uncordon_node_kube.yaml
[2025-09-26T04:09:04.345+0000] {docker.py:438} INFO - -rw-r--r-- 1    1000 1000     1771 Sep 24 07:40 db_cleanup.json
[2025-09-26T04:09:04.345+0000] {docker.py:438} INFO - -rw-r--r-- 1    1000 1000     6399 Sep 24 07:40 db_cleanup.py
[2025-09-26T04:09:04.346+0000] {docker.py:438} INFO - -rw-r--r-- 1    1000 1000     1172 Sep 24 07:40 db_cleanup_docker.yaml
[2025-09-26T04:09:04.346+0000] {docker.py:438} INFO - -rw-r--r-- 1    1000 1000     1097 Sep 24 10:43 db_cleanup_kube.yaml
[2025-09-26T04:09:04.346+0000] {docker.py:438} INFO - -rw-r--r-- 1 root    root     2788 Sep 25 17:57 journal.json
[2025-09-26T04:09:04.347+0000] {docker.py:438} INFO - -rw-rw-r-- 1 root    root   501900 Sep 26 02:34 k6_continuous_load.log
[2025-09-26T04:09:04.347+0000] {docker.py:438} INFO - -rw-r--r-- 1 root    root     3970 Sep 20 09:39 k6_continuous_summary.json
[2025-09-26T04:09:04.347+0000] {docker.py:438} INFO - -rw-rw-r-- 1 root    root 10911089 Sep 25 09:28 k6_post_api.log
[2025-09-26T04:09:04.347+0000] {docker.py:438} INFO - -rw-r--r-- 1 root    root     3433 Sep 25 09:28 k6_summary.json
[2025-09-26T04:09:04.348+0000] {docker.py:438} INFO - -rw-r--r-- 1    1000 1000      945 Sep 21 16:40 load_test.json
[2025-09-26T04:09:04.348+0000] {docker.py:438} INFO - -rw-r--r-- 1    1000 1000      879 Sep 24 07:14 load_test_kube.yaml
[2025-09-26T04:09:04.348+0000] {docker.py:438} INFO - -rw-r--r-- 1    1000 1000      528 Sep 17 12:13 max_connection_experiment.json
[2025-09-26T04:09:04.348+0000] {docker.py:438} INFO - -rw-r--r-- 1    1000 1000     1227 Sep 13 15:20 memory-stress-rollback.json
[2025-09-26T04:09:04.349+0000] {docker.py:438} INFO - -rw-r--r-- 1    1000 1000     7586 Sep 18 05:54 mongodb_actions.py
[2025-09-26T04:09:04.349+0000] {docker.py:438} INFO - -rw-r--r-- 1    1000 1000     2136 Sep 18 11:23 mongodb_connection.json
[2025-09-26T04:09:04.349+0000] {docker.py:438} INFO - -rw-r--r-- 1    1000 1000      597 Sep 16 09:17 mongodb_network_latency_experiment.json
[2025-09-26T04:09:04.349+0000] {docker.py:438} INFO - -rw-r--r-- 1    1000 1000     3657 Sep 18 05:42 mongodb_probes.py
[2025-09-26T04:09:04.350+0000] {docker.py:438} INFO - -rw-r--r-- 1    1000 1000     6161 Sep 12 08:04 pod_restart.py
[2025-09-26T04:09:04.351+0000] {docker.py:438} INFO - -rw-r--r-- 1    1000 1000     1632 Sep 16 08:57 redis_config_faults.py
[2025-09-26T04:09:04.351+0000] {docker.py:438} INFO - -rw-r--r-- 1    1000 1000      902 Sep 18 08:24 redis_experiment.json
[2025-09-26T04:09:04.352+0000] {docker.py:438} INFO - -rw-r--r-- 1    1000 1000     1251 Sep 18 09:25 redis_experiment.yaml
[2025-09-26T04:09:04.352+0000] {docker.py:438} INFO - -rw-r--r-- 1    1000 1000      929 Sep 24 07:35 redis_experiment_kube.yaml
[2025-09-26T04:09:04.353+0000] {docker.py:438} INFO - -rw-r--r-- 1    1000 1000      945 Sep 18 06:53 redis_load.json
[2025-09-26T04:09:04.353+0000] {docker.py:438} INFO - -rw-r--r-- 1    1000 1000     1255 Sep 25 11:19 redis_memory_stress.yaml
[2025-09-26T04:09:04.353+0000] {docker.py:438} INFO - -rw-r--r-- 1    1000 1000     1284 Sep 25 10:53 run_load_test_with_cleanup.py
[2025-09-26T04:09:04.354+0000] {docker.py:438} INFO - drwxr-xr-x 2    1000 1000     4096 Sep 18 09:09 scripts
[2025-09-26T04:09:04.354+0000] {docker.py:438} INFO - -rw-r--r-- 1    1000 1000     2034 Sep 25 10:52 stress_test.json
[2025-09-26T04:09:04.354+0000] {docker.py:438} INFO - -rw-r--r-- 1    1000 1000      367 Sep 17 07:24 test_params.json
[2025-09-26T04:09:04.354+0000] {docker.py:438} INFO - Starting continuous container restart experiment...
[2025-09-26T04:09:05.506+0000] {docker.py:438} INFO - [32m[2025-09-26 04:09:05 INFO] Validating the experiment's syntax
[2025-09-26T04:09:05.755+0000] {docker.py:438} INFO - [32m[2025-09-26 04:09:05 INFO] Experiment looks valid
[2025-09-26T04:09:05.756+0000] {docker.py:438} INFO - [32m[2025-09-26 04:09:05 INFO] Running experiment: Continuous Container Restart Experiment
[2025-09-26T04:09:05.759+0000] {docker.py:438} INFO - [32m[2025-09-26 04:09:05 INFO] Steady-state strategy: default
[2025-09-26T04:09:05.759+0000] {docker.py:438} INFO - [32m[2025-09-26 04:09:05 INFO] Rollbacks strategy: default
[2025-09-26T04:09:05.760+0000] {docker.py:438} INFO - [32m[2025-09-26 04:09:05 INFO] No steady state hypothesis defined. That's ok, just exploring.
[2025-09-26T04:09:05.760+0000] {docker.py:438} INFO - [32m[2025-09-26 04:09:05 INFO] Playing your experiment's method now...
[2025-09-26T04:09:05.761+0000] {docker.py:438} INFO - [32m[2025-09-26 04:09:05 INFO] Action: continuous-container-restart
[2025-09-26T04:11:07.342+0000] {local_task_job_runner.py:346} WARNING - State of this instance has been externally set to None. Terminating instance.
[2025-09-26T04:11:07.343+0000] {local_task_job_runner.py:245} INFO - ::endgroup::
[2025-09-26T04:11:07.344+0000] {process_utils.py:132} INFO - Sending 15 to group 191. PIDs of all processes in the group: [191]
[2025-09-26T04:11:07.344+0000] {process_utils.py:87} INFO - Sending the signal 15 to group 191
[2025-09-26T04:11:07.345+0000] {taskinstance.py:3092} ERROR - Received SIGTERM. Terminating subprocesses.
[2025-09-26T04:11:07.345+0000] {docker.py:533} INFO - Stopping docker container
[2025-09-26T04:11:07.484+0000] {taskinstance.py:3310} ERROR - Task failed with exception
Traceback (most recent call last):
  File "/home/airflow/.local/lib/python3.11/site-packages/airflow/models/taskinstance.py", line 767, in _execute_task
    result = _execute_callable(context=context, **execute_callable_kwargs)
             ^^^^^^^^^^^^^^^^^^^^^^^^^^^^^^^^^^^^^^^^^^^^^^^^^^^^^^^^^^^^^
  File "/home/airflow/.local/lib/python3.11/site-packages/airflow/models/taskinstance.py", line 733, in _execute_callable
    return ExecutionCallableRunner(
           ^^^^^^^^^^^^^^^^^^^^^^^^
  File "/home/airflow/.local/lib/python3.11/site-packages/airflow/utils/operator_helpers.py", line 252, in run
    return self.func(*args, **kwargs)
           ^^^^^^^^^^^^^^^^^^^^^^^^^^
  File "/home/airflow/.local/lib/python3.11/site-packages/airflow/models/baseoperator.py", line 406, in wrapper
    return func(self, *args, **kwargs)
           ^^^^^^^^^^^^^^^^^^^^^^^^^^^
  File "/home/airflow/.local/lib/python3.11/site-packages/airflow/providers/docker/operators/docker.py", line 513, in execute
    return self._run_image()
           ^^^^^^^^^^^^^^^^^
  File "/home/airflow/.local/lib/python3.11/site-packages/airflow/providers/docker/operators/docker.py", line 384, in _run_image
    return self._run_image_with_mounts(self.mounts, add_tmp_variable=False)
           ^^^^^^^^^^^^^^^^^^^^^^^^^^^^^^^^^^^^^^^^^^^^^^^^^^^^^^^^^^^^^^^^
  File "/home/airflow/.local/lib/python3.11/site-packages/airflow/providers/docker/operators/docker.py", line 434, in _run_image_with_mounts
    for log_chunk in logstream:
  File "/home/airflow/.local/lib/python3.11/site-packages/docker/types/daemon.py", line 29, in __next__
    return next(self._stream)
           ^^^^^^^^^^^^^^^^^^
  File "/home/airflow/.local/lib/python3.11/site-packages/docker/api/client.py", line 438, in <genexpr>
    gen = (data for (_, data) in gen)
          ^^^^^^^^^^^^^^^^^^^^^^^^^^^
  File "/home/airflow/.local/lib/python3.11/site-packages/docker/utils/socket.py", line 112, in frames_iter_no_tty
    (stream, n) = next_frame_header(socket)
                  ^^^^^^^^^^^^^^^^^^^^^^^^^
  File "/home/airflow/.local/lib/python3.11/site-packages/docker/utils/socket.py", line 84, in next_frame_header
    data = read_exactly(socket, 8)
           ^^^^^^^^^^^^^^^^^^^^^^^
  File "/home/airflow/.local/lib/python3.11/site-packages/docker/utils/socket.py", line 69, in read_exactly
    next_data = read(socket, n - len(data))
                ^^^^^^^^^^^^^^^^^^^^^^^^^^^
  File "/home/airflow/.local/lib/python3.11/site-packages/docker/utils/socket.py", line 40, in read
    poll.poll()
  File "/home/airflow/.local/lib/python3.11/site-packages/airflow/models/taskinstance.py", line 3094, in signal_handler
    raise AirflowTaskTerminated("Task received SIGTERM signal")
airflow.exceptions.AirflowTaskTerminated: Task received SIGTERM signal
[2025-09-26T04:11:07.488+0000] {taskinstance.py:1225} INFO - Marking task as FAILED. dag_id=Container_Restart, task_id=apply_container_restart_docker, run_id=scheduled__2025-01-10T00:00:00+00:00, execution_date=20250110T000000, start_date=20250926T040856, end_date=20250926T041107
[2025-09-26T04:11:07.514+0000] {taskinstance.py:340} INFO - ::group::Post task execution logs
[2025-09-26T04:11:07.515+0000] {standard_task_runner.py:124} ERROR - Failed to execute job 323 for task apply_container_restart_docker ((psycopg2.errors.ForeignKeyViolation) insert or update on table "task_fail" violates foreign key constraint "task_fail_ti_fkey"
DETAIL:  Key (dag_id, task_id, run_id, map_index)=(Container_Restart, apply_container_restart_docker, scheduled__2025-01-10T00:00:00+00:00, -1) is not present in table "task_instance".

[SQL: INSERT INTO task_fail (task_id, dag_id, run_id, map_index, start_date, end_date, duration) VALUES (%(task_id)s, %(dag_id)s, %(run_id)s, %(map_index)s, %(start_date)s, %(end_date)s, %(duration)s) RETURNING task_fail.id]
[parameters: {'task_id': 'apply_container_restart_docker', 'dag_id': 'Container_Restart', 'run_id': 'scheduled__2025-01-10T00:00:00+00:00', 'map_index': -1, 'start_date': datetime.datetime(2025, 9, 26, 4, 8, 56, 364384, tzinfo=Timezone('UTC')), 'end_date': datetime.datetime(2025, 9, 26, 4, 11, 7, 487578, tzinfo=Timezone('UTC')), 'duration': 131}]
(Background on this error at: https://sqlalche.me/e/14/gkpj); 191)
Traceback (most recent call last):
  File "/home/airflow/.local/lib/python3.11/site-packages/airflow/models/taskinstance.py", line 273, in _run_raw_task
    TaskInstance._execute_task_with_callbacks(
  File "/home/airflow/.local/lib/python3.11/site-packages/airflow/models/taskinstance.py", line 3158, in _execute_task_with_callbacks
    result = self._execute_task(context, task_orig)
             ^^^^^^^^^^^^^^^^^^^^^^^^^^^^^^^^^^^^^^
  File "/home/airflow/.local/lib/python3.11/site-packages/airflow/models/taskinstance.py", line 3182, in _execute_task
    return _execute_task(self, context, task_orig)
           ^^^^^^^^^^^^^^^^^^^^^^^^^^^^^^^^^^^^^^^
  File "/home/airflow/.local/lib/python3.11/site-packages/airflow/models/taskinstance.py", line 767, in _execute_task
    result = _execute_callable(context=context, **execute_callable_kwargs)
             ^^^^^^^^^^^^^^^^^^^^^^^^^^^^^^^^^^^^^^^^^^^^^^^^^^^^^^^^^^^^^
  File "/home/airflow/.local/lib/python3.11/site-packages/airflow/models/taskinstance.py", line 733, in _execute_callable
    return ExecutionCallableRunner(
           ^^^^^^^^^^^^^^^^^^^^^^^^
  File "/home/airflow/.local/lib/python3.11/site-packages/airflow/utils/operator_helpers.py", line 252, in run
    return self.func(*args, **kwargs)
           ^^^^^^^^^^^^^^^^^^^^^^^^^^
  File "/home/airflow/.local/lib/python3.11/site-packages/airflow/models/baseoperator.py", line 406, in wrapper
    return func(self, *args, **kwargs)
           ^^^^^^^^^^^^^^^^^^^^^^^^^^^
  File "/home/airflow/.local/lib/python3.11/site-packages/airflow/providers/docker/operators/docker.py", line 513, in execute
    return self._run_image()
           ^^^^^^^^^^^^^^^^^
  File "/home/airflow/.local/lib/python3.11/site-packages/airflow/providers/docker/operators/docker.py", line 384, in _run_image
    return self._run_image_with_mounts(self.mounts, add_tmp_variable=False)
           ^^^^^^^^^^^^^^^^^^^^^^^^^^^^^^^^^^^^^^^^^^^^^^^^^^^^^^^^^^^^^^^^
  File "/home/airflow/.local/lib/python3.11/site-packages/airflow/providers/docker/operators/docker.py", line 434, in _run_image_with_mounts
    for log_chunk in logstream:
  File "/home/airflow/.local/lib/python3.11/site-packages/docker/types/daemon.py", line 29, in __next__
    return next(self._stream)
           ^^^^^^^^^^^^^^^^^^
  File "/home/airflow/.local/lib/python3.11/site-packages/docker/api/client.py", line 438, in <genexpr>
    gen = (data for (_, data) in gen)
          ^^^^^^^^^^^^^^^^^^^^^^^^^^^
  File "/home/airflow/.local/lib/python3.11/site-packages/docker/utils/socket.py", line 112, in frames_iter_no_tty
    (stream, n) = next_frame_header(socket)
                  ^^^^^^^^^^^^^^^^^^^^^^^^^
  File "/home/airflow/.local/lib/python3.11/site-packages/docker/utils/socket.py", line 84, in next_frame_header
    data = read_exactly(socket, 8)
           ^^^^^^^^^^^^^^^^^^^^^^^
  File "/home/airflow/.local/lib/python3.11/site-packages/docker/utils/socket.py", line 69, in read_exactly
    next_data = read(socket, n - len(data))
                ^^^^^^^^^^^^^^^^^^^^^^^^^^^
  File "/home/airflow/.local/lib/python3.11/site-packages/docker/utils/socket.py", line 40, in read
    poll.poll()
  File "/home/airflow/.local/lib/python3.11/site-packages/airflow/models/taskinstance.py", line 3094, in signal_handler
    raise AirflowTaskTerminated("Task received SIGTERM signal")
airflow.exceptions.AirflowTaskTerminated: Task received SIGTERM signal

During handling of the above exception, another exception occurred:

Traceback (most recent call last):
  File "/home/airflow/.local/lib/python3.11/site-packages/sqlalchemy/engine/base.py", line 1910, in _execute_context
    self.dialect.do_execute(
  File "/home/airflow/.local/lib/python3.11/site-packages/sqlalchemy/engine/default.py", line 736, in do_execute
    cursor.execute(statement, parameters)
psycopg2.errors.ForeignKeyViolation: insert or update on table "task_fail" violates foreign key constraint "task_fail_ti_fkey"
DETAIL:  Key (dag_id, task_id, run_id, map_index)=(Container_Restart, apply_container_restart_docker, scheduled__2025-01-10T00:00:00+00:00, -1) is not present in table "task_instance".


The above exception was the direct cause of the following exception:

Traceback (most recent call last):
  File "/home/airflow/.local/lib/python3.11/site-packages/airflow/task/task_runner/standard_task_runner.py", line 117, in _start_by_fork
    ret = args.func(args, dag=self.dag)
          ^^^^^^^^^^^^^^^^^^^^^^^^^^^^^
  File "/home/airflow/.local/lib/python3.11/site-packages/airflow/cli/cli_config.py", line 49, in command
    return func(*args, **kwargs)
           ^^^^^^^^^^^^^^^^^^^^^
  File "/home/airflow/.local/lib/python3.11/site-packages/airflow/utils/cli.py", line 115, in wrapper
    return f(*args, **kwargs)
           ^^^^^^^^^^^^^^^^^^
  File "/home/airflow/.local/lib/python3.11/site-packages/airflow/cli/commands/task_command.py", line 483, in task_run
    task_return_code = _run_task_by_selected_method(args, _dag, ti)
                       ^^^^^^^^^^^^^^^^^^^^^^^^^^^^^^^^^^^^^^^^^^^^
  File "/home/airflow/.local/lib/python3.11/site-packages/airflow/cli/commands/task_command.py", line 256, in _run_task_by_selected_method
    return _run_raw_task(args, ti)
           ^^^^^^^^^^^^^^^^^^^^^^^
  File "/home/airflow/.local/lib/python3.11/site-packages/airflow/cli/commands/task_command.py", line 341, in _run_raw_task
    return ti._run_raw_task(
           ^^^^^^^^^^^^^^^^^
  File "/home/airflow/.local/lib/python3.11/site-packages/airflow/utils/session.py", line 97, in wrapper
    return func(*args, session=session, **kwargs)
           ^^^^^^^^^^^^^^^^^^^^^^^^^^^^^^^^^^^^^^
  File "/home/airflow/.local/lib/python3.11/site-packages/airflow/models/taskinstance.py", line 3004, in _run_raw_task
    return _run_raw_task(
           ^^^^^^^^^^^^^^
  File "/home/airflow/.local/lib/python3.11/site-packages/airflow/models/taskinstance.py", line 327, in _run_raw_task
    ti.handle_failure(e, test_mode, context, session=session)
  File "/home/airflow/.local/lib/python3.11/site-packages/airflow/utils/session.py", line 94, in wrapper
    return func(*args, **kwargs)
           ^^^^^^^^^^^^^^^^^^^^^
  File "/home/airflow/.local/lib/python3.11/site-packages/airflow/models/taskinstance.py", line 3427, in handle_failure
    _handle_failure(
  File "/home/airflow/.local/lib/python3.11/site-packages/airflow/utils/session.py", line 94, in wrapper
    return func(*args, **kwargs)
           ^^^^^^^^^^^^^^^^^^^^^
  File "/home/airflow/.local/lib/python3.11/site-packages/airflow/api_internal/internal_api_call.py", line 139, in wrapper
    return func(*args, **kwargs)
           ^^^^^^^^^^^^^^^^^^^^^
  File "/home/airflow/.local/lib/python3.11/site-packages/airflow/models/taskinstance.py", line 1243, in _handle_failure
    TaskInstance.save_to_db(failure_context["ti"], session)
  File "/home/airflow/.local/lib/python3.11/site-packages/airflow/api_internal/internal_api_call.py", line 139, in wrapper
    return func(*args, **kwargs)
           ^^^^^^^^^^^^^^^^^^^^^
  File "/home/airflow/.local/lib/python3.11/site-packages/airflow/utils/session.py", line 94, in wrapper
    return func(*args, **kwargs)
           ^^^^^^^^^^^^^^^^^^^^^
  File "/home/airflow/.local/lib/python3.11/site-packages/airflow/models/taskinstance.py", line 3399, in save_to_db
    session.flush()
  File "/home/airflow/.local/lib/python3.11/site-packages/sqlalchemy/orm/session.py", line 3449, in flush
    self._flush(objects)
  File "/home/airflow/.local/lib/python3.11/site-packages/sqlalchemy/orm/session.py", line 3588, in _flush
    with util.safe_reraise():
  File "/home/airflow/.local/lib/python3.11/site-packages/sqlalchemy/util/langhelpers.py", line 70, in __exit__
    compat.raise_(
  File "/home/airflow/.local/lib/python3.11/site-packages/sqlalchemy/util/compat.py", line 211, in raise_
    raise exception
  File "/home/airflow/.local/lib/python3.11/site-packages/sqlalchemy/orm/session.py", line 3549, in _flush
    flush_context.execute()
  File "/home/airflow/.local/lib/python3.11/site-packages/sqlalchemy/orm/unitofwork.py", line 456, in execute
    rec.execute(self)
  File "/home/airflow/.local/lib/python3.11/site-packages/sqlalchemy/orm/unitofwork.py", line 630, in execute
    util.preloaded.orm_persistence.save_obj(
  File "/home/airflow/.local/lib/python3.11/site-packages/sqlalchemy/orm/persistence.py", line 245, in save_obj
    _emit_insert_statements(
  File "/home/airflow/.local/lib/python3.11/site-packages/sqlalchemy/orm/persistence.py", line 1238, in _emit_insert_statements
    result = connection._execute_20(
             ^^^^^^^^^^^^^^^^^^^^^^^
  File "/home/airflow/.local/lib/python3.11/site-packages/sqlalchemy/engine/base.py", line 1710, in _execute_20
    return meth(self, args_10style, kwargs_10style, execution_options)
           ^^^^^^^^^^^^^^^^^^^^^^^^^^^^^^^^^^^^^^^^^^^^^^^^^^^^^^^^^^^
  File "/home/airflow/.local/lib/python3.11/site-packages/sqlalchemy/sql/elements.py", line 334, in _execute_on_connection
    return connection._execute_clauseelement(
           ^^^^^^^^^^^^^^^^^^^^^^^^^^^^^^^^^^
  File "/home/airflow/.local/lib/python3.11/site-packages/sqlalchemy/engine/base.py", line 1577, in _execute_clauseelement
    ret = self._execute_context(
          ^^^^^^^^^^^^^^^^^^^^^^
  File "/home/airflow/.local/lib/python3.11/site-packages/sqlalchemy/engine/base.py", line 1953, in _execute_context
    self._handle_dbapi_exception(
  File "/home/airflow/.local/lib/python3.11/site-packages/sqlalchemy/engine/base.py", line 2134, in _handle_dbapi_exception
    util.raise_(
  File "/home/airflow/.local/lib/python3.11/site-packages/sqlalchemy/util/compat.py", line 211, in raise_
    raise exception
  File "/home/airflow/.local/lib/python3.11/site-packages/sqlalchemy/engine/base.py", line 1910, in _execute_context
    self.dialect.do_execute(
  File "/home/airflow/.local/lib/python3.11/site-packages/sqlalchemy/engine/default.py", line 736, in do_execute
    cursor.execute(statement, parameters)
sqlalchemy.exc.IntegrityError: (psycopg2.errors.ForeignKeyViolation) insert or update on table "task_fail" violates foreign key constraint "task_fail_ti_fkey"
DETAIL:  Key (dag_id, task_id, run_id, map_index)=(Container_Restart, apply_container_restart_docker, scheduled__2025-01-10T00:00:00+00:00, -1) is not present in table "task_instance".

[SQL: INSERT INTO task_fail (task_id, dag_id, run_id, map_index, start_date, end_date, duration) VALUES (%(task_id)s, %(dag_id)s, %(run_id)s, %(map_index)s, %(start_date)s, %(end_date)s, %(duration)s) RETURNING task_fail.id]
[parameters: {'task_id': 'apply_container_restart_docker', 'dag_id': 'Container_Restart', 'run_id': 'scheduled__2025-01-10T00:00:00+00:00', 'map_index': -1, 'start_date': datetime.datetime(2025, 9, 26, 4, 8, 56, 364384, tzinfo=Timezone('UTC')), 'end_date': datetime.datetime(2025, 9, 26, 4, 11, 7, 487578, tzinfo=Timezone('UTC')), 'duration': 131}]
(Background on this error at: https://sqlalche.me/e/14/gkpj)
[2025-09-26T04:11:07.558+0000] {process_utils.py:80} INFO - Process psutil.Process(pid=191, status='terminated', exitcode=1, started='04:08:56') (191) terminated with exit code 1
[2025-09-26T04:11:25.963+0000] {local_task_job_runner.py:123} INFO - ::group::Pre task execution logs
[2025-09-26T04:11:25.975+0000] {taskinstance.py:2612} INFO - Dependencies all met for dep_context=non-requeueable deps ti=<TaskInstance: Container_Restart.apply_container_restart_docker scheduled__2025-01-10T00:00:00+00:00 [queued]>
[2025-09-26T04:11:25.982+0000] {taskinstance.py:2612} INFO - Dependencies all met for dep_context=requeueable deps ti=<TaskInstance: Container_Restart.apply_container_restart_docker scheduled__2025-01-10T00:00:00+00:00 [queued]>
[2025-09-26T04:11:25.982+0000] {taskinstance.py:2865} INFO - Starting attempt 1 of 1
[2025-09-26T04:11:25.992+0000] {taskinstance.py:2888} INFO - Executing <Task(DockerOperator): apply_container_restart_docker> on 2025-01-10 00:00:00+00:00
[2025-09-26T04:11:25.998+0000] {standard_task_runner.py:72} INFO - Started process 194 to run task
[2025-09-26T04:11:26.001+0000] {standard_task_runner.py:104} INFO - Running: ['***', 'tasks', 'run', 'Container_Restart', 'apply_container_restart_docker', 'scheduled__2025-01-10T00:00:00+00:00', '--job-id', '324', '--raw', '--subdir', 'DAGS_FOLDER/dag_factory.py', '--cfg-path', '/tmp/tmp7c4ho0x2']
[2025-09-26T04:11:26.002+0000] {standard_task_runner.py:105} INFO - Job 324: Subtask apply_container_restart_docker
[2025-09-26T04:11:26.042+0000] {task_command.py:467} INFO - Running <TaskInstance: Container_Restart.apply_container_restart_docker scheduled__2025-01-10T00:00:00+00:00 [running]> on host BNXL-80508-WL.India.XoriantCorp.com
[2025-09-26T04:11:26.111+0000] {taskinstance.py:3131} INFO - Exporting env vars: AIRFLOW_CTX_DAG_OWNER='***' AIRFLOW_CTX_DAG_ID='Container_Restart' AIRFLOW_CTX_TASK_ID='apply_container_restart_docker' AIRFLOW_CTX_EXECUTION_DATE='2025-01-10T00:00:00+00:00' AIRFLOW_CTX_TRY_NUMBER='1' AIRFLOW_CTX_DAG_RUN_ID='scheduled__2025-01-10T00:00:00+00:00'
[2025-09-26T04:11:26.112+0000] {taskinstance.py:731} INFO - ::endgroup::
[2025-09-26T04:11:26.162+0000] {docker.py:367} INFO - Starting docker container from image priyanshu01ce/***_chaos:latest
[2025-09-26T04:11:26.359+0000] {docker.py:438} INFO - The container is run as root user. For security, consider using a regular user account.
[2025-09-26T04:11:31.682+0000] {docker.py:438} INFO - 
[2025-09-26T04:11:31.686+0000] {docker.py:438} INFO - total 11520
[2025-09-26T04:11:31.686+0000] {docker.py:438} INFO - drwxr-xr-x 4    1000 1000     4096 Sep 25 11:14 .
[2025-09-26T04:11:31.686+0000] {docker.py:438} INFO - drwxr-xr-x 1 *** root     4096 Sep 24 12:24 ..
[2025-09-26T04:11:31.687+0000] {docker.py:438} INFO - -rw-r--r-- 1    1000 1000     1193 Sep  8 07:02 API_Latency.json
[2025-09-26T04:11:31.687+0000] {docker.py:438} INFO - -rw-r--r-- 1    1000 1000      729 Sep  9 10:30 API_Timeout.json
[2025-09-26T04:11:31.687+0000] {docker.py:438} INFO - -rw-r--r-- 1    1000 1000     1333 Sep 25 12:12 Continuous_Load_Test.yaml
[2025-09-26T04:11:31.687+0000] {docker.py:438} INFO - -rw-r--r-- 1    1000 1000     1241 Sep 25 11:21 Load_Test.yaml
[2025-09-26T04:11:31.687+0000] {docker.py:438} INFO - -rw-r--r-- 1    1000 1000     1177 Sep 25 10:49 Stress_test.yaml
[2025-09-26T04:11:31.687+0000] {docker.py:438} INFO - -rw-r--r-- 1    1000 1000     1017 Sep 24 10:45 Stress_test_kube.yaml
[2025-09-26T04:11:31.688+0000] {docker.py:438} INFO - drwxr-xr-x 2 root    root     4096 Sep 26 04:06 __pycache__
[2025-09-26T04:11:31.688+0000] {docker.py:438} INFO - -rw-r--r-- 1    1000 1000     8875 Sep 25 16:54 chaosk6_actions.py
[2025-09-26T04:11:31.688+0000] {docker.py:438} INFO - -rw-rw-r-- 1 root    root   142883 Sep 26 04:09 chaostoolkit.log
[2025-09-26T04:11:31.688+0000] {docker.py:438} INFO - -rw-r--r-- 1    1000 1000     3213 Sep  9 09:11 combined-sequential.json
[2025-09-26T04:11:31.688+0000] {docker.py:438} INFO - -rw-r--r-- 1    1000 1000      502 Sep 16 05:31 connection_test_experiment.json
[2025-09-26T04:11:31.688+0000] {docker.py:438} INFO - -rw-r--r-- 1    1000 1000     1420 Sep 24 06:53 container_restart.json
[2025-09-26T04:11:31.689+0000] {docker.py:438} INFO - -rw-r--r-- 1    1000 1000    13551 Sep 26 04:10 container_restart.py
[2025-09-26T04:11:31.689+0000] {docker.py:438} INFO - -rw-r--r-- 1    1000 1000     1315 Sep 25 11:12 container_restart.yaml
[2025-09-26T04:11:31.689+0000] {docker.py:438} INFO - -rw-r--r-- 1    1000 1000     1031 Sep 24 07:37 container_restart_kube.yaml
[2025-09-26T04:11:31.689+0000] {docker.py:438} INFO - -rw-r--r-- 1    1000 1000     1409 Sep 18 12:30 continuous_load_test.json
[2025-09-26T04:11:31.689+0000] {docker.py:438} INFO - -rw-r--r-- 1    1000 1000     1637 Sep 25 10:13 cordon-uncordon-node.json
[2025-09-26T04:11:31.689+0000] {docker.py:438} INFO - -rw-r--r-- 1    1000 1000     1637 Sep 25 04:39 cordon_test.json
[2025-09-26T04:11:31.690+0000] {docker.py:438} INFO - -rw-r--r-- 1    1000 1000     1037 Sep 25 11:18 cordon_uncordon_node.yaml
[2025-09-26T04:11:31.690+0000] {docker.py:438} INFO - -rw-r--r-- 1    1000 1000     1214 Sep 24 17:12 cordon_uncordon_node_kube.yaml
[2025-09-26T04:11:31.690+0000] {docker.py:438} INFO - -rw-r--r-- 1    1000 1000     1771 Sep 24 07:40 db_cleanup.json
[2025-09-26T04:11:31.690+0000] {docker.py:438} INFO - -rw-r--r-- 1    1000 1000     6399 Sep 24 07:40 db_cleanup.py
[2025-09-26T04:11:31.690+0000] {docker.py:438} INFO - -rw-r--r-- 1    1000 1000     1172 Sep 24 07:40 db_cleanup_docker.yaml
[2025-09-26T04:11:31.690+0000] {docker.py:438} INFO - -rw-r--r-- 1    1000 1000     1097 Sep 24 10:43 db_cleanup_kube.yaml
[2025-09-26T04:11:31.690+0000] {docker.py:438} INFO - -rw-r--r-- 1 root    root     2788 Sep 25 17:57 journal.json
[2025-09-26T04:11:31.691+0000] {docker.py:438} INFO - -rw-rw-r-- 1 root    root   501900 Sep 26 02:34 k6_continuous_load.log
[2025-09-26T04:11:31.691+0000] {docker.py:438} INFO - -rw-r--r-- 1 root    root     3970 Sep 20 09:39 k6_continuous_summary.json
[2025-09-26T04:11:31.691+0000] {docker.py:438} INFO - -rw-rw-r-- 1 root    root 10911089 Sep 25 09:28 k6_post_api.log
[2025-09-26T04:11:31.691+0000] {docker.py:438} INFO - -rw-r--r-- 1 root    root     3433 Sep 25 09:28 k6_summary.json
[2025-09-26T04:11:31.691+0000] {docker.py:438} INFO - -rw-r--r-- 1    1000 1000      945 Sep 21 16:40 load_test.json
[2025-09-26T04:11:31.691+0000] {docker.py:438} INFO - -rw-r--r-- 1    1000 1000      879 Sep 24 07:14 load_test_kube.yaml
[2025-09-26T04:11:31.692+0000] {docker.py:438} INFO - -rw-r--r-- 1    1000 1000      528 Sep 17 12:13 max_connection_experiment.json
[2025-09-26T04:11:31.692+0000] {docker.py:438} INFO - -rw-r--r-- 1    1000 1000     1227 Sep 13 15:20 memory-stress-rollback.json
[2025-09-26T04:11:31.692+0000] {docker.py:438} INFO - -rw-r--r-- 1    1000 1000     7586 Sep 18 05:54 mongodb_actions.py
[2025-09-26T04:11:31.692+0000] {docker.py:438} INFO - -rw-r--r-- 1    1000 1000     2136 Sep 18 11:23 mongodb_connection.json
[2025-09-26T04:11:31.692+0000] {docker.py:438} INFO - -rw-r--r-- 1    1000 1000      597 Sep 16 09:17 mongodb_network_latency_experiment.json
[2025-09-26T04:11:31.692+0000] {docker.py:438} INFO - -rw-r--r-- 1    1000 1000     3657 Sep 18 05:42 mongodb_probes.py
[2025-09-26T04:11:31.693+0000] {docker.py:438} INFO - -rw-r--r-- 1    1000 1000     6161 Sep 12 08:04 pod_restart.py
[2025-09-26T04:11:31.693+0000] {docker.py:438} INFO - -rw-r--r-- 1    1000 1000     1632 Sep 16 08:57 redis_config_faults.py
[2025-09-26T04:11:31.693+0000] {docker.py:438} INFO - -rw-r--r-- 1    1000 1000      902 Sep 18 08:24 redis_experiment.json
[2025-09-26T04:11:31.693+0000] {docker.py:438} INFO - -rw-r--r-- 1    1000 1000     1251 Sep 18 09:25 redis_experiment.yaml
[2025-09-26T04:11:31.693+0000] {docker.py:438} INFO - -rw-r--r-- 1    1000 1000      929 Sep 24 07:35 redis_experiment_kube.yaml
[2025-09-26T04:11:31.693+0000] {docker.py:438} INFO - -rw-r--r-- 1    1000 1000      945 Sep 18 06:53 redis_load.json
[2025-09-26T04:11:31.694+0000] {docker.py:438} INFO - -rw-r--r-- 1    1000 1000     1255 Sep 25 11:19 redis_memory_stress.yaml
[2025-09-26T04:11:31.694+0000] {docker.py:438} INFO - -rw-r--r-- 1    1000 1000     1284 Sep 25 10:53 run_load_test_with_cleanup.py
[2025-09-26T04:11:31.694+0000] {docker.py:438} INFO - drwxr-xr-x 2    1000 1000     4096 Sep 18 09:09 scripts
[2025-09-26T04:11:31.695+0000] {docker.py:438} INFO - -rw-r--r-- 1    1000 1000     2034 Sep 25 10:52 stress_test.json
[2025-09-26T04:11:31.695+0000] {docker.py:438} INFO - -rw-r--r-- 1    1000 1000      367 Sep 17 07:24 test_params.json
[2025-09-26T04:11:31.695+0000] {docker.py:438} INFO - Starting continuous container restart experiment...
[2025-09-26T04:11:32.464+0000] {docker.py:438} INFO - [32m[2025-09-26 04:11:32 INFO] Validating the experiment's syntax
[2025-09-26T04:11:32.665+0000] {docker.py:438} INFO - [32m[2025-09-26 04:11:32 INFO] Experiment looks valid
[2025-09-26T04:11:32.665+0000] {docker.py:438} INFO - [32m[2025-09-26 04:11:32 INFO] Running experiment: Continuous Container Restart Experiment
[2025-09-26T04:11:32.667+0000] {docker.py:438} INFO - [32m[2025-09-26 04:11:32 INFO] Steady-state strategy: default
[2025-09-26T04:11:32.668+0000] {docker.py:438} INFO - [32m[2025-09-26 04:11:32 INFO] Rollbacks strategy: default
[2025-09-26T04:11:32.668+0000] {docker.py:438} INFO - [32m[2025-09-26 04:11:32 INFO] No steady state hypothesis defined. That's ok, just exploring.
[2025-09-26T04:11:32.668+0000] {docker.py:438} INFO - [32m[2025-09-26 04:11:32 INFO] Playing your experiment's method now...
[2025-09-26T04:11:32.669+0000] {docker.py:438} INFO - [32m[2025-09-26 04:11:32 INFO] Action: continuous-container-restart
[2025-09-26T04:15:16.960+0000] {docker.py:438} INFO - 🚀 Starting continuous container restart experiment
[2025-09-26T04:15:16.961+0000] {docker.py:438} INFO - 📅 Interval: 5 seconds
[2025-09-26T04:15:16.961+0000] {docker.py:438} INFO - ⏱️  Duration: 400 seconds
[2025-09-26T04:15:16.961+0000] {docker.py:438} INFO - 🎯 Target: app=compose-post-service
[2025-09-26T04:15:16.962+0000] {docker.py:438} INFO - 📍 Namespace: default
[2025-09-26T04:15:16.962+0000] {docker.py:438} INFO - 📦 Container: compose-post-service
[2025-09-26T04:15:16.962+0000] {docker.py:438} INFO - 
[2025-09-26T04:15:16.962+0000] {docker.py:438} INFO - ============================================================
[2025-09-26T04:15:16.963+0000] {docker.py:438} INFO - 🔄 Container Restart #1 at 2025-09-26 04:11:32
[2025-09-26T04:15:16.963+0000] {docker.py:438} INFO - ============================================================
[2025-09-26T04:15:16.963+0000] {docker.py:438} INFO - 🔄 Container restart function started!
[2025-09-26T04:15:16.964+0000] {docker.py:438} INFO - 🔍 Selecting pods with label_selector: app=compose-post-service
[2025-09-26T04:15:16.964+0000] {docker.py:438} INFO - 📋 Found 1 pods initially
[2025-09-26T04:15:16.964+0000] {docker.py:438} INFO - 🎲 Random selection: 1 pods
[2025-09-26T04:15:16.964+0000] {docker.py:438} INFO - ✅ Selected pods: ['compose-post-service-67bbb84bcd-p69ww']
[2025-09-26T04:15:16.964+0000] {docker.py:438} INFO - 🎯 Restarting container in pod: compose-post-service-67bbb84bcd-p69ww
[2025-09-26T04:15:16.964+0000] {docker.py:438} INFO - 📊 Current restart count: 4
[2025-09-26T04:15:16.965+0000] {docker.py:438} INFO - 🔧 Trying restart strategy 1: sh -c kill -INT 1
[2025-09-26T04:15:16.965+0000] {docker.py:438} INFO - ✅ Signal sent successfully to container in pod compose-post-service-67bbb84bcd-p69ww
[2025-09-26T04:15:16.965+0000] {docker.py:438} INFO - ⏳ Waiting for container restart (up to 60 seconds)...
[2025-09-26T04:15:16.965+0000] {docker.py:438} INFO - ✅ Container restart verified! Count: 4 → 5
[2025-09-26T04:15:16.965+0000] {docker.py:438} INFO - 🏁 Restart operation completed for 1 containers
[2025-09-26T04:15:16.966+0000] {docker.py:438} INFO - ✅ Successfully restarted: 1 containers
[2025-09-26T04:15:16.966+0000] {docker.py:438} INFO - ✅ Successfully restarted 1 containers
[2025-09-26T04:15:16.966+0000] {docker.py:438} INFO -    📦 compose-post-service-67bbb84bcd-p69ww: restart_verified
[2025-09-26T04:15:16.966+0000] {docker.py:438} INFO - ⏳ Waiting 5 seconds until next restart...
[2025-09-26T04:15:16.966+0000] {docker.py:438} INFO - 📊 Time remaining: 392 seconds
[2025-09-26T04:15:16.967+0000] {docker.py:438} INFO - 📈 Total containers restarted so far: 1
[2025-09-26T04:15:16.967+0000] {docker.py:438} INFO - 
[2025-09-26T04:15:16.967+0000] {docker.py:438} INFO - ============================================================
[2025-09-26T04:15:16.967+0000] {docker.py:438} INFO - 🔄 Container Restart #2 at 2025-09-26 04:11:45
[2025-09-26T04:15:16.967+0000] {docker.py:438} INFO - ============================================================
[2025-09-26T04:15:16.967+0000] {docker.py:438} INFO - 🔄 Container restart function started!
[2025-09-26T04:15:16.968+0000] {docker.py:438} INFO - 🔍 Selecting pods with label_selector: app=compose-post-service
[2025-09-26T04:15:16.968+0000] {docker.py:438} INFO - 📋 Found 1 pods initially
[2025-09-26T04:15:16.968+0000] {docker.py:438} INFO - 🎲 Random selection: 1 pods
[2025-09-26T04:15:16.968+0000] {docker.py:438} INFO - ✅ Selected pods: ['compose-post-service-67bbb84bcd-p69ww']
[2025-09-26T04:15:16.968+0000] {docker.py:438} INFO - 🎯 Restarting container in pod: compose-post-service-67bbb84bcd-p69ww
[2025-09-26T04:15:16.968+0000] {docker.py:438} INFO - 📊 Current restart count: 5
[2025-09-26T04:15:16.969+0000] {docker.py:438} INFO - 🔧 Trying restart strategy 1: sh -c kill -INT 1
[2025-09-26T04:15:16.969+0000] {docker.py:438} INFO - ✅ Signal sent successfully to container in pod compose-post-service-67bbb84bcd-p69ww
[2025-09-26T04:15:16.969+0000] {docker.py:438} INFO - ⏳ Waiting for container restart (up to 60 seconds)...
[2025-09-26T04:15:16.969+0000] {docker.py:438} INFO - ✅ Container restart verified! Count: 5 → 6
[2025-09-26T04:15:16.969+0000] {docker.py:438} INFO - 🏁 Restart operation completed for 1 containers
[2025-09-26T04:15:16.969+0000] {docker.py:438} INFO - ✅ Successfully restarted: 1 containers
[2025-09-26T04:15:16.970+0000] {docker.py:438} INFO - ✅ Successfully restarted 1 containers
[2025-09-26T04:15:16.970+0000] {docker.py:438} INFO -    📦 compose-post-service-67bbb84bcd-p69ww: restart_verified
[2025-09-26T04:15:16.970+0000] {docker.py:438} INFO - ⏳ Waiting 5 seconds until next restart...
[2025-09-26T04:15:16.970+0000] {docker.py:438} INFO - 📊 Time remaining: 368 seconds
[2025-09-26T04:15:16.970+0000] {docker.py:438} INFO - 📈 Total containers restarted so far: 2
[2025-09-26T04:15:16.971+0000] {docker.py:438} INFO - 
[2025-09-26T04:15:16.971+0000] {docker.py:438} INFO - ============================================================
[2025-09-26T04:15:16.971+0000] {docker.py:438} INFO - 🔄 Container Restart #3 at 2025-09-26 04:12:09
[2025-09-26T04:15:16.971+0000] {docker.py:438} INFO - ============================================================
[2025-09-26T04:15:16.971+0000] {docker.py:438} INFO - 🔄 Container restart function started!
[2025-09-26T04:15:16.971+0000] {docker.py:438} INFO - 🔍 Selecting pods with label_selector: app=compose-post-service
[2025-09-26T04:15:16.972+0000] {docker.py:438} INFO - 📋 Found 1 pods initially
[2025-09-26T04:15:16.972+0000] {docker.py:438} INFO - 🎲 Random selection: 1 pods
[2025-09-26T04:15:16.972+0000] {docker.py:438} INFO - ✅ Selected pods: ['compose-post-service-67bbb84bcd-p69ww']
[2025-09-26T04:15:16.972+0000] {docker.py:438} INFO - 🎯 Restarting container in pod: compose-post-service-67bbb84bcd-p69ww
[2025-09-26T04:15:16.972+0000] {docker.py:438} INFO - 📊 Current restart count: 6
[2025-09-26T04:15:16.972+0000] {docker.py:438} INFO - 🔧 Trying restart strategy 1: sh -c kill -INT 1
[2025-09-26T04:15:16.972+0000] {docker.py:438} INFO - ✅ Signal sent successfully to container in pod compose-post-service-67bbb84bcd-p69ww
[2025-09-26T04:15:16.973+0000] {docker.py:438} INFO - ⏳ Waiting for container restart (up to 60 seconds)...
[2025-09-26T04:15:16.973+0000] {docker.py:438} INFO - ✅ Container restart verified! Count: 6 → 7
[2025-09-26T04:15:16.973+0000] {docker.py:438} INFO - 🏁 Restart operation completed for 1 containers
[2025-09-26T04:15:16.973+0000] {docker.py:438} INFO - ✅ Successfully restarted: 1 containers
[2025-09-26T04:15:16.973+0000] {docker.py:438} INFO - ✅ Successfully restarted 1 containers
[2025-09-26T04:15:16.973+0000] {docker.py:438} INFO -    📦 compose-post-service-67bbb84bcd-p69ww: restart_verified
[2025-09-26T04:15:16.974+0000] {docker.py:438} INFO - ⏳ Waiting 5 seconds until next restart...
[2025-09-26T04:15:16.974+0000] {docker.py:438} INFO - 📊 Time remaining: 326 seconds
[2025-09-26T04:15:16.974+0000] {docker.py:438} INFO - 📈 Total containers restarted so far: 3
[2025-09-26T04:15:16.974+0000] {docker.py:438} INFO - 
[2025-09-26T04:15:16.974+0000] {docker.py:438} INFO - ============================================================
[2025-09-26T04:15:16.974+0000] {docker.py:438} INFO - 🔄 Container Restart #4 at 2025-09-26 04:12:51
[2025-09-26T04:15:16.974+0000] {docker.py:438} INFO - ============================================================
[2025-09-26T04:15:16.975+0000] {docker.py:438} INFO - 🔄 Container restart function started!
[2025-09-26T04:15:16.975+0000] {docker.py:438} INFO - 🔍 Selecting pods with label_selector: app=compose-post-service
[2025-09-26T04:15:16.975+0000] {docker.py:438} INFO - 📋 Found 1 pods initially
[2025-09-26T04:15:16.975+0000] {docker.py:438} INFO - 🎲 Random selection: 1 pods
[2025-09-26T04:15:16.975+0000] {docker.py:438} INFO - ✅ Selected pods: ['compose-post-service-67bbb84bcd-p69ww']
[2025-09-26T04:15:16.976+0000] {docker.py:438} INFO - 🎯 Restarting container in pod: compose-post-service-67bbb84bcd-p69ww
[2025-09-26T04:15:16.976+0000] {docker.py:438} INFO - 📊 Current restart count: 7
[2025-09-26T04:15:16.976+0000] {docker.py:438} INFO - 🔧 Trying restart strategy 1: sh -c kill -INT 1
[2025-09-26T04:15:16.976+0000] {docker.py:438} INFO - ✅ Signal sent successfully to container in pod compose-post-service-67bbb84bcd-p69ww
[2025-09-26T04:15:16.976+0000] {docker.py:438} INFO - ⏳ Waiting for container restart (up to 60 seconds)...
[2025-09-26T04:15:16.976+0000] {docker.py:438} INFO - ✅ Container restart verified! Count: 7 → 8
[2025-09-26T04:15:16.977+0000] {docker.py:438} INFO - 🏁 Restart operation completed for 1 containers
[2025-09-26T04:15:16.977+0000] {docker.py:438} INFO - ✅ Successfully restarted: 1 containers
[2025-09-26T04:15:16.977+0000] {docker.py:438} INFO - ✅ Successfully restarted 1 containers
[2025-09-26T04:15:16.977+0000] {docker.py:438} INFO -    📦 compose-post-service-67bbb84bcd-p69ww: restart_verified
[2025-09-26T04:15:16.977+0000] {docker.py:438} INFO - ⏳ Waiting 5 seconds until next restart...
[2025-09-26T04:15:16.977+0000] {docker.py:438} INFO - 📊 Time remaining: 269 seconds
[2025-09-26T04:15:16.978+0000] {docker.py:438} INFO - 📈 Total containers restarted so far: 4
[2025-09-26T04:15:16.978+0000] {docker.py:438} INFO - 
[2025-09-26T04:15:16.978+0000] {docker.py:438} INFO - ============================================================
[2025-09-26T04:15:16.978+0000] {docker.py:438} INFO - 🔄 Container Restart #5 at 2025-09-26 04:13:48
[2025-09-26T04:15:16.978+0000] {docker.py:438} INFO - ============================================================
[2025-09-26T04:15:16.978+0000] {docker.py:438} INFO - 🔄 Container restart function started!
[2025-09-26T04:15:16.979+0000] {docker.py:438} INFO - 🔍 Selecting pods with label_selector: app=compose-post-service
[2025-09-26T04:15:16.979+0000] {docker.py:438} INFO - 📋 Found 1 pods initially
[2025-09-26T04:15:16.979+0000] {docker.py:438} INFO - 🎲 Random selection: 1 pods
[2025-09-26T04:15:16.979+0000] {docker.py:438} INFO - ✅ Selected pods: ['compose-post-service-67bbb84bcd-p69ww']
[2025-09-26T04:15:16.979+0000] {docker.py:438} INFO - 🎯 Restarting container in pod: compose-post-service-67bbb84bcd-p69ww
[2025-09-26T04:15:16.979+0000] {docker.py:438} INFO - 📊 Current restart count: 8
[2025-09-26T04:15:16.980+0000] {docker.py:438} INFO - 🔧 Trying restart strategy 1: sh -c kill -INT 1
[2025-09-26T04:15:16.980+0000] {docker.py:438} INFO - ✅ Signal sent successfully to container in pod compose-post-service-67bbb84bcd-p69ww
[2025-09-26T04:15:16.980+0000] {docker.py:438} INFO - ⏳ Waiting for container restart (up to 60 seconds)...
[2025-09-26T04:15:16.980+0000] {docker.py:438} INFO - ⚠️  Strategy 1 didn't cause restart, trying next...
[2025-09-26T04:15:16.980+0000] {docker.py:438} INFO - 🔧 Trying restart strategy 2: sh -c kill -2 1
[2025-09-26T04:15:16.980+0000] {docker.py:438} INFO - ❌ Strategy 2 failed: (0)
[2025-09-26T04:15:16.981+0000] {docker.py:438} INFO - Reason: Handshake status 500 Internal Server Error -+-+- {'date': 'Fri, 26 Sep 2025 04:14:55 GMT', 'connection': 'close', 'content-length': '0'} -+-+- b''
[2025-09-26T04:15:16.981+0000] {docker.py:438} INFO - 
[2025-09-26T04:15:16.981+0000] {docker.py:438} INFO - 🔧 Trying restart strategy 3: sh -c kill -TERM 1
[2025-09-26T04:15:16.981+0000] {docker.py:438} INFO - ❌ Strategy 3 failed: (0)
[2025-09-26T04:15:16.981+0000] {docker.py:438} INFO - Reason: Handshake status 500 Internal Server Error -+-+- {'date': 'Fri, 26 Sep 2025 04:14:57 GMT', 'connection': 'close', 'content-length': '0'} -+-+- b''
[2025-09-26T04:15:16.981+0000] {docker.py:438} INFO - 
[2025-09-26T04:15:16.982+0000] {docker.py:438} INFO - 🔧 Trying restart strategy 4: sh -c kill -9 1
[2025-09-26T04:15:16.982+0000] {docker.py:438} INFO - ❌ Strategy 4 failed: (0)
[2025-09-26T04:15:16.982+0000] {docker.py:438} INFO - Reason: Handshake status 500 Internal Server Error -+-+- {'date': 'Fri, 26 Sep 2025 04:14:58 GMT', 'connection': 'close', 'content-length': '0'} -+-+- b''
[2025-09-26T04:15:16.982+0000] {docker.py:438} INFO - 
[2025-09-26T04:15:16.982+0000] {docker.py:438} INFO - ❌ All restart strategies failed - container restart not verified
[2025-09-26T04:15:16.982+0000] {docker.py:438} INFO - 🏁 Restart operation completed for 1 containers
[2025-09-26T04:15:16.983+0000] {docker.py:438} INFO - ✅ Successfully restarted: 0 containers
[2025-09-26T04:15:16.983+0000] {docker.py:438} INFO - ✅ Successfully restarted 1 containers
[2025-09-26T04:15:16.983+0000] {docker.py:438} INFO -    📦 compose-post-service-67bbb84bcd-p69ww: restart_failed
[2025-09-26T04:15:16.983+0000] {docker.py:438} INFO - ⏳ Waiting 5 seconds until next restart...
[2025-09-26T04:15:16.983+0000] {docker.py:438} INFO - 📊 Time remaining: 194 seconds
[2025-09-26T04:15:16.984+0000] {docker.py:438} INFO - 📈 Total containers restarted so far: 5
[2025-09-26T04:15:16.984+0000] {docker.py:438} INFO - 
[2025-09-26T04:15:16.984+0000] {docker.py:438} INFO - ============================================================
[2025-09-26T04:15:16.984+0000] {docker.py:438} INFO - 🔄 Container Restart #6 at 2025-09-26 04:15:03
[2025-09-26T04:15:16.984+0000] {docker.py:438} INFO - ============================================================
[2025-09-26T04:15:16.984+0000] {docker.py:438} INFO - 🔄 Container restart function started!
[2025-09-26T04:15:16.985+0000] {docker.py:438} INFO - 🔍 Selecting pods with label_selector: app=compose-post-service
[2025-09-26T04:15:16.985+0000] {docker.py:438} INFO - 📋 Found 1 pods initially
[2025-09-26T04:15:16.985+0000] {docker.py:438} INFO - 🎲 Random selection: 1 pods
[2025-09-26T04:15:16.985+0000] {docker.py:438} INFO - ✅ Selected pods: ['compose-post-service-67bbb84bcd-p69ww']
[2025-09-26T04:15:16.985+0000] {docker.py:438} INFO - 🎯 Restarting container in pod: compose-post-service-67bbb84bcd-p69ww
[2025-09-26T04:15:16.985+0000] {docker.py:438} INFO - 📊 Current restart count: 8
[2025-09-26T04:15:16.986+0000] {docker.py:438} INFO - 🔧 Trying restart strategy 1: sh -c kill -INT 1
[2025-09-26T04:15:16.986+0000] {docker.py:438} INFO - ❌ Strategy 1 failed: (0)
[2025-09-26T04:15:16.986+0000] {docker.py:438} INFO - Reason: Handshake status 500 Internal Server Error -+-+- {'date': 'Fri, 26 Sep 2025 04:15:07 GMT', 'connection': 'close', 'content-length': '0'} -+-+- b''
[2025-09-26T04:15:16.986+0000] {docker.py:438} INFO - 
[2025-09-26T04:15:16.986+0000] {docker.py:438} INFO - 🔧 Trying restart strategy 2: sh -c kill -2 1
[2025-09-26T04:15:16.986+0000] {docker.py:438} INFO - ❌ Strategy 2 failed: (0)
[2025-09-26T04:15:16.987+0000] {docker.py:438} INFO - Reason: Handshake status 500 Internal Server Error -+-+- {'date': 'Fri, 26 Sep 2025 04:15:09 GMT', 'connection': 'close', 'content-length': '0'} -+-+- b''
[2025-09-26T04:15:16.987+0000] {docker.py:438} INFO - 
[2025-09-26T04:15:16.987+0000] {docker.py:438} INFO - 🔧 Trying restart strategy 3: sh -c kill -TERM 1
[2025-09-26T04:15:16.987+0000] {docker.py:438} INFO - ❌ Strategy 3 failed: (0)
[2025-09-26T04:15:16.987+0000] {docker.py:438} INFO - Reason: Handshake status 500 Internal Server Error -+-+- {'date': 'Fri, 26 Sep 2025 04:15:10 GMT', 'connection': 'close', 'content-length': '0'} -+-+- b''
[2025-09-26T04:15:16.987+0000] {docker.py:438} INFO - 
[2025-09-26T04:15:16.988+0000] {docker.py:438} INFO - 🔧 Trying restart strategy 4: sh -c kill -9 1
[2025-09-26T04:15:16.988+0000] {docker.py:438} INFO - ❌ Strategy 4 failed: (0)
[2025-09-26T04:15:16.988+0000] {docker.py:438} INFO - Reason: Handshake status 500 Internal Server Error -+-+- {'date': 'Fri, 26 Sep 2025 04:15:11 GMT', 'connection': 'close', 'content-length': '0'} -+-+- b''
[2025-09-26T04:15:16.988+0000] {docker.py:438} INFO - 
[2025-09-26T04:15:16.988+0000] {docker.py:438} INFO - ❌ All restart strategies failed - container restart not verified
[2025-09-26T04:15:16.988+0000] {docker.py:438} INFO - 🏁 Restart operation completed for 1 containers
[2025-09-26T04:15:16.989+0000] {docker.py:438} INFO - ✅ Successfully restarted: 0 containers
[2025-09-26T04:15:16.989+0000] {docker.py:438} INFO - ✅ Successfully restarted 1 containers
[2025-09-26T04:15:16.989+0000] {docker.py:438} INFO -    📦 compose-post-service-67bbb84bcd-p69ww: restart_failed
[2025-09-26T04:15:16.989+0000] {docker.py:438} INFO - ⏳ Waiting 5 seconds until next restart...
[2025-09-26T04:15:16.989+0000] {docker.py:438} INFO - 📊 Time remaining: 181 seconds
[2025-09-26T04:15:16.989+0000] {docker.py:438} INFO - 📈 Total containers restarted so far: 6
[2025-09-26T04:15:16.990+0000] {docker.py:438} INFO - 
[2025-09-26T04:15:16.990+0000] {docker.py:438} INFO - ============================================================
[2025-09-26T04:15:16.990+0000] {docker.py:438} INFO - 🔄 Container Restart #7 at 2025-09-26 04:15:16
[2025-09-26T04:15:16.990+0000] {docker.py:438} INFO - ============================================================
[2025-09-26T04:17:19.775+0000] {docker.py:438} INFO - 🔄 Container restart function started!
[2025-09-26T04:17:19.777+0000] {docker.py:438} INFO - 🔍 Selecting pods with label_selector: app=compose-post-service
[2025-09-26T04:17:19.777+0000] {docker.py:438} INFO - 📋 Found 1 pods initially
[2025-09-26T04:17:19.778+0000] {docker.py:438} INFO - 🎲 Random selection: 1 pods
[2025-09-26T04:17:19.778+0000] {docker.py:438} INFO - ✅ Selected pods: ['compose-post-service-67bbb84bcd-p69ww']
[2025-09-26T04:17:19.779+0000] {docker.py:438} INFO - 🎯 Restarting container in pod: compose-post-service-67bbb84bcd-p69ww
[2025-09-26T04:17:19.779+0000] {docker.py:438} INFO - 📊 Current restart count: 8
[2025-09-26T04:17:19.779+0000] {docker.py:438} INFO - 🔧 Trying restart strategy 1: sh -c kill -INT 1
[2025-09-26T04:17:19.780+0000] {docker.py:438} INFO - ❌ Strategy 1 failed: (0)
[2025-09-26T04:17:19.780+0000] {docker.py:438} INFO - Reason: Handshake status 500 Internal Server Error -+-+- {'date': 'Fri, 26 Sep 2025 04:15:20 GMT', 'connection': 'close', 'content-length': '0'} -+-+- b''
[2025-09-26T04:17:19.780+0000] {docker.py:438} INFO - 
[2025-09-26T04:17:19.780+0000] {docker.py:438} INFO - 🔧 Trying restart strategy 2: sh -c kill -2 1
[2025-09-26T04:17:19.780+0000] {docker.py:438} INFO - ❌ Strategy 2 failed: (0)
[2025-09-26T04:17:19.781+0000] {docker.py:438} INFO - Reason: Handshake status 500 Internal Server Error -+-+- {'date': 'Fri, 26 Sep 2025 04:15:21 GMT', 'connection': 'close', 'content-length': '0'} -+-+- b''
[2025-09-26T04:17:19.781+0000] {docker.py:438} INFO - 
[2025-09-26T04:17:19.781+0000] {docker.py:438} INFO - 🔧 Trying restart strategy 3: sh -c kill -TERM 1
[2025-09-26T04:17:19.781+0000] {docker.py:438} INFO - ✅ Signal sent successfully to container in pod compose-post-service-67bbb84bcd-p69ww
[2025-09-26T04:17:19.781+0000] {docker.py:438} INFO - ⏳ Waiting for container restart (up to 60 seconds)...
[2025-09-26T04:17:19.781+0000] {docker.py:438} INFO - ✅ Container restart verified! Count: 8 → 9
[2025-09-26T04:17:19.782+0000] {docker.py:438} INFO - 🏁 Restart operation completed for 1 containers
[2025-09-26T04:17:19.782+0000] {docker.py:438} INFO - ✅ Successfully restarted: 1 containers
[2025-09-26T04:17:19.782+0000] {docker.py:438} INFO - ✅ Successfully restarted 1 containers
[2025-09-26T04:17:19.782+0000] {docker.py:438} INFO -    📦 compose-post-service-67bbb84bcd-p69ww: restart_verified
[2025-09-26T04:17:19.782+0000] {docker.py:438} INFO - ⏳ Waiting 5 seconds until next restart...
[2025-09-26T04:17:19.783+0000] {docker.py:438} INFO - 📊 Time remaining: 168 seconds
[2025-09-26T04:17:19.783+0000] {docker.py:438} INFO - 📈 Total containers restarted so far: 7
[2025-09-26T04:17:19.783+0000] {docker.py:438} INFO - 
[2025-09-26T04:17:19.783+0000] {docker.py:438} INFO - ============================================================
[2025-09-26T04:17:19.783+0000] {docker.py:438} INFO - 🔄 Container Restart #8 at 2025-09-26 04:15:29
[2025-09-26T04:17:19.783+0000] {docker.py:438} INFO - ============================================================
[2025-09-26T04:17:19.783+0000] {docker.py:438} INFO - 🔄 Container restart function started!
[2025-09-26T04:17:19.784+0000] {docker.py:438} INFO - 🔍 Selecting pods with label_selector: app=compose-post-service
[2025-09-26T04:17:19.784+0000] {docker.py:438} INFO - 📋 Found 1 pods initially
[2025-09-26T04:17:19.784+0000] {docker.py:438} INFO - 🎲 Random selection: 1 pods
[2025-09-26T04:17:19.784+0000] {docker.py:438} INFO - ✅ Selected pods: ['compose-post-service-67bbb84bcd-p69ww']
[2025-09-26T04:17:19.784+0000] {docker.py:438} INFO - 🎯 Restarting container in pod: compose-post-service-67bbb84bcd-p69ww
[2025-09-26T04:17:19.784+0000] {docker.py:438} INFO - 📊 Current restart count: 9
[2025-09-26T04:17:19.785+0000] {docker.py:438} INFO - 🔧 Trying restart strategy 1: sh -c kill -INT 1
[2025-09-26T04:17:19.785+0000] {docker.py:438} INFO - ✅ Signal sent successfully to container in pod compose-post-service-67bbb84bcd-p69ww
[2025-09-26T04:17:19.785+0000] {docker.py:438} INFO - ⏳ Waiting for container restart (up to 60 seconds)...
[2025-09-26T04:17:19.785+0000] {docker.py:438} INFO - ⚠️  Strategy 1 didn't cause restart, trying next...
[2025-09-26T04:17:19.785+0000] {docker.py:438} INFO - 🔧 Trying restart strategy 2: sh -c kill -2 1
[2025-09-26T04:17:19.785+0000] {docker.py:438} INFO - ❌ Strategy 2 failed: (0)
[2025-09-26T04:17:19.786+0000] {docker.py:438} INFO - Reason: Handshake status 500 Internal Server Error -+-+- {'date': 'Fri, 26 Sep 2025 04:16:37 GMT', 'connection': 'close', 'content-length': '0'} -+-+- b''
[2025-09-26T04:17:19.786+0000] {docker.py:438} INFO - 
[2025-09-26T04:17:19.786+0000] {docker.py:438} INFO - 🔧 Trying restart strategy 3: sh -c kill -TERM 1
[2025-09-26T04:17:19.786+0000] {docker.py:438} INFO - ❌ Strategy 3 failed: (0)
[2025-09-26T04:17:19.786+0000] {docker.py:438} INFO - Reason: Handshake status 500 Internal Server Error -+-+- {'date': 'Fri, 26 Sep 2025 04:16:39 GMT', 'connection': 'close', 'content-length': '0'} -+-+- b''
[2025-09-26T04:17:19.786+0000] {docker.py:438} INFO - 
[2025-09-26T04:17:19.786+0000] {docker.py:438} INFO - 🔧 Trying restart strategy 4: sh -c kill -9 1
[2025-09-26T04:17:19.787+0000] {docker.py:438} INFO - ❌ Strategy 4 failed: (0)
[2025-09-26T04:17:19.787+0000] {docker.py:438} INFO - Reason: Handshake status 500 Internal Server Error -+-+- {'date': 'Fri, 26 Sep 2025 04:16:40 GMT', 'connection': 'close', 'content-length': '0'} -+-+- b''
[2025-09-26T04:17:19.787+0000] {docker.py:438} INFO - 
[2025-09-26T04:17:19.787+0000] {docker.py:438} INFO - ❌ All restart strategies failed - container restart not verified
[2025-09-26T04:17:19.787+0000] {docker.py:438} INFO - 🏁 Restart operation completed for 1 containers
[2025-09-26T04:17:19.787+0000] {docker.py:438} INFO - ✅ Successfully restarted: 0 containers
[2025-09-26T04:17:19.788+0000] {docker.py:438} INFO - ✅ Successfully restarted 1 containers
[2025-09-26T04:17:19.788+0000] {docker.py:438} INFO -    📦 compose-post-service-67bbb84bcd-p69ww: restart_failed
[2025-09-26T04:17:19.788+0000] {docker.py:438} INFO - ⏳ Waiting 5 seconds until next restart...
[2025-09-26T04:17:19.788+0000] {docker.py:438} INFO - 📊 Time remaining: 92 seconds
[2025-09-26T04:17:19.788+0000] {docker.py:438} INFO - 📈 Total containers restarted so far: 8
[2025-09-26T04:17:19.788+0000] {docker.py:438} INFO - 
[2025-09-26T04:17:19.788+0000] {docker.py:438} INFO - ============================================================
[2025-09-26T04:17:19.789+0000] {docker.py:438} INFO - 🔄 Container Restart #9 at 2025-09-26 04:16:46
[2025-09-26T04:17:19.789+0000] {docker.py:438} INFO - ============================================================
[2025-09-26T04:17:19.789+0000] {docker.py:438} INFO - 🔄 Container restart function started!
[2025-09-26T04:17:19.789+0000] {docker.py:438} INFO - 🔍 Selecting pods with label_selector: app=compose-post-service
[2025-09-26T04:17:19.789+0000] {docker.py:438} INFO - 📋 Found 1 pods initially
[2025-09-26T04:17:19.789+0000] {docker.py:438} INFO - 🎲 Random selection: 1 pods
[2025-09-26T04:17:19.790+0000] {docker.py:438} INFO - ✅ Selected pods: ['compose-post-service-67bbb84bcd-p69ww']
[2025-09-26T04:17:19.790+0000] {docker.py:438} INFO - 🎯 Restarting container in pod: compose-post-service-67bbb84bcd-p69ww
[2025-09-26T04:17:19.790+0000] {docker.py:438} INFO - 📊 Current restart count: 9
[2025-09-26T04:17:19.790+0000] {docker.py:438} INFO - 🔧 Trying restart strategy 1: sh -c kill -INT 1
[2025-09-26T04:17:19.790+0000] {docker.py:438} INFO - ❌ Strategy 1 failed: (0)
[2025-09-26T04:17:19.790+0000] {docker.py:438} INFO - Reason: Handshake status 500 Internal Server Error -+-+- {'date': 'Fri, 26 Sep 2025 04:16:49 GMT', 'connection': 'close', 'content-length': '0'} -+-+- b''
[2025-09-26T04:17:19.791+0000] {docker.py:438} INFO - 
[2025-09-26T04:17:19.791+0000] {docker.py:438} INFO - 🔧 Trying restart strategy 2: sh -c kill -2 1
[2025-09-26T04:17:19.791+0000] {docker.py:438} INFO - ❌ Strategy 2 failed: (0)
[2025-09-26T04:17:19.791+0000] {docker.py:438} INFO - Reason: Handshake status 500 Internal Server Error -+-+- {'date': 'Fri, 26 Sep 2025 04:16:51 GMT', 'connection': 'close', 'content-length': '0'} -+-+- b''
[2025-09-26T04:17:19.791+0000] {docker.py:438} INFO - 
[2025-09-26T04:17:19.791+0000] {docker.py:438} INFO - 🔧 Trying restart strategy 3: sh -c kill -TERM 1
[2025-09-26T04:17:19.792+0000] {docker.py:438} INFO - ❌ Strategy 3 failed: (0)
[2025-09-26T04:17:19.792+0000] {docker.py:438} INFO - Reason: Handshake status 500 Internal Server Error -+-+- {'date': 'Fri, 26 Sep 2025 04:16:52 GMT', 'connection': 'close', 'content-length': '0'} -+-+- b''
[2025-09-26T04:17:19.792+0000] {docker.py:438} INFO - 
[2025-09-26T04:17:19.792+0000] {docker.py:438} INFO - 🔧 Trying restart strategy 4: sh -c kill -9 1
[2025-09-26T04:17:19.792+0000] {docker.py:438} INFO - ❌ Strategy 4 failed: (0)
[2025-09-26T04:17:19.792+0000] {docker.py:438} INFO - Reason: Handshake status 500 Internal Server Error -+-+- {'date': 'Fri, 26 Sep 2025 04:16:54 GMT', 'connection': 'close', 'content-length': '0'} -+-+- b''
[2025-09-26T04:17:19.793+0000] {docker.py:438} INFO - 
[2025-09-26T04:17:19.793+0000] {docker.py:438} INFO - ❌ All restart strategies failed - container restart not verified
[2025-09-26T04:17:19.793+0000] {docker.py:438} INFO - 🏁 Restart operation completed for 1 containers
[2025-09-26T04:17:19.793+0000] {docker.py:438} INFO - ✅ Successfully restarted: 0 containers
[2025-09-26T04:17:19.793+0000] {docker.py:438} INFO - ✅ Successfully restarted 1 containers
[2025-09-26T04:17:19.794+0000] {docker.py:438} INFO -    📦 compose-post-service-67bbb84bcd-p69ww: restart_failed
[2025-09-26T04:17:19.794+0000] {docker.py:438} INFO - ⏳ Waiting 5 seconds until next restart...
[2025-09-26T04:17:19.794+0000] {docker.py:438} INFO - 📊 Time remaining: 78 seconds
[2025-09-26T04:17:19.794+0000] {docker.py:438} INFO - 📈 Total containers restarted so far: 9
[2025-09-26T04:17:19.794+0000] {docker.py:438} INFO - 
[2025-09-26T04:17:19.795+0000] {docker.py:438} INFO - ============================================================
[2025-09-26T04:17:19.795+0000] {docker.py:438} INFO - 🔄 Container Restart #10 at 2025-09-26 04:16:59
[2025-09-26T04:17:19.795+0000] {docker.py:438} INFO - ============================================================
[2025-09-26T04:17:19.795+0000] {docker.py:438} INFO - 🔄 Container restart function started!
[2025-09-26T04:17:19.796+0000] {docker.py:438} INFO - 🔍 Selecting pods with label_selector: app=compose-post-service
[2025-09-26T04:17:19.796+0000] {docker.py:438} INFO - 📋 Found 1 pods initially
[2025-09-26T04:17:19.796+0000] {docker.py:438} INFO - 🎲 Random selection: 1 pods
[2025-09-26T04:17:19.796+0000] {docker.py:438} INFO - ✅ Selected pods: ['compose-post-service-67bbb84bcd-p69ww']
[2025-09-26T04:17:19.796+0000] {docker.py:438} INFO - 🎯 Restarting container in pod: compose-post-service-67bbb84bcd-p69ww
[2025-09-26T04:17:19.796+0000] {docker.py:438} INFO - 📊 Current restart count: 9
[2025-09-26T04:17:19.797+0000] {docker.py:438} INFO - 🔧 Trying restart strategy 1: sh -c kill -INT 1
[2025-09-26T04:17:19.797+0000] {docker.py:438} INFO - ❌ Strategy 1 failed: (0)
[2025-09-26T04:17:19.797+0000] {docker.py:438} INFO - Reason: Handshake status 500 Internal Server Error -+-+- {'date': 'Fri, 26 Sep 2025 04:17:02 GMT', 'connection': 'close', 'content-length': '0'} -+-+- b''
[2025-09-26T04:17:19.797+0000] {docker.py:438} INFO - 
[2025-09-26T04:17:19.797+0000] {docker.py:438} INFO - 🔧 Trying restart strategy 2: sh -c kill -2 1
[2025-09-26T04:17:19.798+0000] {docker.py:438} INFO - ❌ Strategy 2 failed: (0)
[2025-09-26T04:17:19.798+0000] {docker.py:438} INFO - Reason: Handshake status 500 Internal Server Error -+-+- {'date': 'Fri, 26 Sep 2025 04:17:04 GMT', 'connection': 'close', 'content-length': '0'} -+-+- b''
[2025-09-26T04:17:19.798+0000] {docker.py:438} INFO - 
[2025-09-26T04:17:19.798+0000] {docker.py:438} INFO - 🔧 Trying restart strategy 3: sh -c kill -TERM 1
[2025-09-26T04:17:19.798+0000] {docker.py:438} INFO - ❌ Strategy 3 failed: (0)
[2025-09-26T04:17:19.798+0000] {docker.py:438} INFO - Reason: Handshake status 500 Internal Server Error -+-+- {'date': 'Fri, 26 Sep 2025 04:17:05 GMT', 'connection': 'close', 'content-length': '0'} -+-+- b''
[2025-09-26T04:17:19.799+0000] {docker.py:438} INFO - 
[2025-09-26T04:17:19.799+0000] {docker.py:438} INFO - 🔧 Trying restart strategy 4: sh -c kill -9 1
[2025-09-26T04:17:19.799+0000] {docker.py:438} INFO - ❌ Strategy 4 failed: (0)
[2025-09-26T04:17:19.799+0000] {docker.py:438} INFO - Reason: Handshake status 500 Internal Server Error -+-+- {'date': 'Fri, 26 Sep 2025 04:17:07 GMT', 'connection': 'close', 'content-length': '0'} -+-+- b''
[2025-09-26T04:17:19.799+0000] {docker.py:438} INFO - 
[2025-09-26T04:17:19.800+0000] {docker.py:438} INFO - ❌ All restart strategies failed - container restart not verified
[2025-09-26T04:17:19.800+0000] {docker.py:438} INFO - 🏁 Restart operation completed for 1 containers
[2025-09-26T04:17:19.800+0000] {docker.py:438} INFO - ✅ Successfully restarted: 0 containers
[2025-09-26T04:17:19.800+0000] {docker.py:438} INFO - ✅ Successfully restarted 1 containers
[2025-09-26T04:17:19.800+0000] {docker.py:438} INFO -    📦 compose-post-service-67bbb84bcd-p69ww: restart_failed
[2025-09-26T04:17:19.800+0000] {docker.py:438} INFO - ⏳ Waiting 5 seconds until next restart...
[2025-09-26T04:17:19.801+0000] {docker.py:438} INFO - 📊 Time remaining: 65 seconds
[2025-09-26T04:17:19.801+0000] {docker.py:438} INFO - 📈 Total containers restarted so far: 10
[2025-09-26T04:17:19.801+0000] {docker.py:438} INFO - 
[2025-09-26T04:17:19.801+0000] {docker.py:438} INFO - ============================================================
[2025-09-26T04:17:19.801+0000] {docker.py:438} INFO - 🔄 Container Restart #11 at 2025-09-26 04:17:12
[2025-09-26T04:17:19.801+0000] {docker.py:438} INFO - ============================================================
[2025-09-26T04:17:19.801+0000] {docker.py:438} INFO - 🔄 Container restart function started!
[2025-09-26T04:17:19.802+0000] {docker.py:438} INFO - 🔍 Selecting pods with label_selector: app=compose-post-service
[2025-09-26T04:17:19.802+0000] {docker.py:438} INFO - 📋 Found 1 pods initially
[2025-09-26T04:17:19.802+0000] {docker.py:438} INFO - 🎲 Random selection: 1 pods
[2025-09-26T04:17:19.802+0000] {docker.py:438} INFO - ✅ Selected pods: ['compose-post-service-67bbb84bcd-p69ww']
[2025-09-26T04:17:19.802+0000] {docker.py:438} INFO - 🎯 Restarting container in pod: compose-post-service-67bbb84bcd-p69ww
[2025-09-26T04:17:19.802+0000] {docker.py:438} INFO - 📊 Current restart count: 9
[2025-09-26T04:17:19.803+0000] {docker.py:438} INFO - 🔧 Trying restart strategy 1: sh -c kill -INT 1
[2025-09-26T04:17:19.803+0000] {docker.py:438} INFO - ❌ Strategy 1 failed: (0)
[2025-09-26T04:17:19.803+0000] {docker.py:438} INFO - Reason: Handshake status 500 Internal Server Error -+-+- {'date': 'Fri, 26 Sep 2025 04:17:15 GMT', 'connection': 'close', 'content-length': '0'} -+-+- b''
[2025-09-26T04:17:19.803+0000] {docker.py:438} INFO - 
[2025-09-26T04:17:19.803+0000] {docker.py:438} INFO - 🔧 Trying restart strategy 2: sh -c kill -2 1
[2025-09-26T04:17:19.803+0000] {docker.py:438} INFO - ❌ Strategy 2 failed: (0)
[2025-09-26T04:17:19.804+0000] {docker.py:438} INFO - Reason: Handshake status 500 Internal Server Error -+-+- {'date': 'Fri, 26 Sep 2025 04:17:17 GMT', 'connection': 'close', 'content-length': '0'} -+-+- b''
[2025-09-26T04:17:19.804+0000] {docker.py:438} INFO - 
[2025-09-26T04:17:19.804+0000] {docker.py:438} INFO - 🔧 Trying restart strategy 3: sh -c kill -TERM 1
[2025-09-26T04:17:19.804+0000] {docker.py:438} INFO - ❌ Strategy 3 failed: (0)
[2025-09-26T04:17:19.804+0000] {docker.py:438} INFO - Reason: Handshake status 500 Internal Server Error -+-+- {'date': 'Fri, 26 Sep 2025 04:17:18 GMT', 'connection': 'close', 'content-length': '0'} -+-+- b''
[2025-09-26T04:17:19.804+0000] {docker.py:438} INFO - 
[2025-09-26T04:17:19.805+0000] {docker.py:438} INFO - 🔧 Trying restart strategy 4: sh -c kill -9 1
[2025-09-26T04:17:19.805+0000] {docker.py:438} INFO - ❌ Strategy 4 failed: (0)
[2025-09-26T04:17:19.805+0000] {docker.py:438} INFO - Reason: Handshake status 500 Internal Server Error -+-+- {'date': 'Fri, 26 Sep 2025 04:17:19 GMT', 'connection': 'close', 'content-length': '0'} -+-+- b''
[2025-09-26T04:18:10.819+0000] {docker.py:438} INFO - [32m[2025-09-26 04:18:10 INFO] Let's rollback...
[2025-09-26T04:18:10.820+0000] {docker.py:438} INFO - [32m[2025-09-26 04:18:10 INFO] Rollback: verify-pods-running
[2025-09-26T04:18:10.820+0000] {docker.py:438} INFO - [32m[2025-09-26 04:18:10 INFO] Probe: verify-pods-running
[2025-09-26T04:18:12.308+0000] {docker.py:438} INFO - [32m[2025-09-26 04:18:12 INFO] Experiment ended with status: completed
[2025-09-26T04:18:12.310+0000] {docker.py:438} INFO - ❌ All restart strategies failed - container restart not verified
[2025-09-26T04:18:12.310+0000] {docker.py:438} INFO - 🏁 Restart operation completed for 1 containers
[2025-09-26T04:18:12.311+0000] {docker.py:438} INFO - ✅ Successfully restarted: 0 containers
[2025-09-26T04:18:12.311+0000] {docker.py:438} INFO - ✅ Successfully restarted 1 containers
[2025-09-26T04:18:12.311+0000] {docker.py:438} INFO -    📦 compose-post-service-67bbb84bcd-p69ww: restart_failed
[2025-09-26T04:18:12.311+0000] {docker.py:438} INFO - ⏳ Waiting 5 seconds until next restart...
[2025-09-26T04:18:12.312+0000] {docker.py:438} INFO - 📊 Time remaining: 53 seconds
[2025-09-26T04:18:12.312+0000] {docker.py:438} INFO - 📈 Total containers restarted so far: 11
[2025-09-26T04:18:12.312+0000] {docker.py:438} INFO - 
[2025-09-26T04:18:12.312+0000] {docker.py:438} INFO - ============================================================
[2025-09-26T04:18:12.313+0000] {docker.py:438} INFO - 🔄 Container Restart #12 at 2025-09-26 04:17:24
[2025-09-26T04:18:12.313+0000] {docker.py:438} INFO - ============================================================
[2025-09-26T04:18:12.313+0000] {docker.py:438} INFO - 🔄 Container restart function started!
[2025-09-26T04:18:12.313+0000] {docker.py:438} INFO - 🔍 Selecting pods with label_selector: app=compose-post-service
[2025-09-26T04:18:12.313+0000] {docker.py:438} INFO - 📋 Found 1 pods initially
[2025-09-26T04:18:12.313+0000] {docker.py:438} INFO - 🎲 Random selection: 1 pods
[2025-09-26T04:18:12.314+0000] {docker.py:438} INFO - ✅ Selected pods: ['compose-post-service-67bbb84bcd-p69ww']
[2025-09-26T04:18:12.314+0000] {docker.py:438} INFO - 🎯 Restarting container in pod: compose-post-service-67bbb84bcd-p69ww
[2025-09-26T04:18:12.314+0000] {docker.py:438} INFO - 📊 Current restart count: 9
[2025-09-26T04:18:12.314+0000] {docker.py:438} INFO - 🔧 Trying restart strategy 1: sh -c kill -INT 1
[2025-09-26T04:18:12.314+0000] {docker.py:438} INFO - ❌ Strategy 1 failed: (0)
[2025-09-26T04:18:12.314+0000] {docker.py:438} INFO - Reason: Handshake status 500 Internal Server Error -+-+- {'date': 'Fri, 26 Sep 2025 04:17:27 GMT', 'connection': 'close', 'content-length': '0'} -+-+- b''
[2025-09-26T04:18:12.315+0000] {docker.py:438} INFO - 
[2025-09-26T04:18:12.315+0000] {docker.py:438} INFO - 🔧 Trying restart strategy 2: sh -c kill -2 1
[2025-09-26T04:18:12.315+0000] {docker.py:438} INFO - ❌ Strategy 2 failed: (0)
[2025-09-26T04:18:12.315+0000] {docker.py:438} INFO - Reason: Handshake status 500 Internal Server Error -+-+- {'date': 'Fri, 26 Sep 2025 04:17:29 GMT', 'connection': 'close', 'content-length': '0'} -+-+- b''
[2025-09-26T04:18:12.315+0000] {docker.py:438} INFO - 
[2025-09-26T04:18:12.315+0000] {docker.py:438} INFO - 🔧 Trying restart strategy 3: sh -c kill -TERM 1
[2025-09-26T04:18:12.316+0000] {docker.py:438} INFO - ❌ Strategy 3 failed: (0)
[2025-09-26T04:18:12.316+0000] {docker.py:438} INFO - Reason: Handshake status 500 Internal Server Error -+-+- {'date': 'Fri, 26 Sep 2025 04:17:30 GMT', 'connection': 'close', 'content-length': '0'} -+-+- b''
[2025-09-26T04:18:12.316+0000] {docker.py:438} INFO - 
[2025-09-26T04:18:12.316+0000] {docker.py:438} INFO - 🔧 Trying restart strategy 4: sh -c kill -9 1
[2025-09-26T04:18:12.316+0000] {docker.py:438} INFO - ❌ Strategy 4 failed: (0)
[2025-09-26T04:18:12.316+0000] {docker.py:438} INFO - Reason: Handshake status 500 Internal Server Error -+-+- {'date': 'Fri, 26 Sep 2025 04:17:31 GMT', 'connection': 'close', 'content-length': '0'} -+-+- b''
[2025-09-26T04:18:12.316+0000] {docker.py:438} INFO - 
[2025-09-26T04:18:12.317+0000] {docker.py:438} INFO - ❌ All restart strategies failed - container restart not verified
[2025-09-26T04:18:12.317+0000] {docker.py:438} INFO - 🏁 Restart operation completed for 1 containers
[2025-09-26T04:18:12.317+0000] {docker.py:438} INFO - ✅ Successfully restarted: 0 containers
[2025-09-26T04:18:12.317+0000] {docker.py:438} INFO - ✅ Successfully restarted 1 containers
[2025-09-26T04:18:12.317+0000] {docker.py:438} INFO -    📦 compose-post-service-67bbb84bcd-p69ww: restart_failed
[2025-09-26T04:18:12.317+0000] {docker.py:438} INFO - ⏳ Waiting 5 seconds until next restart...
[2025-09-26T04:18:12.318+0000] {docker.py:438} INFO - 📊 Time remaining: 41 seconds
[2025-09-26T04:18:12.318+0000] {docker.py:438} INFO - 📈 Total containers restarted so far: 12
[2025-09-26T04:18:12.318+0000] {docker.py:438} INFO - 
[2025-09-26T04:18:12.318+0000] {docker.py:438} INFO - ============================================================
[2025-09-26T04:18:12.318+0000] {docker.py:438} INFO - 🔄 Container Restart #13 at 2025-09-26 04:17:37
[2025-09-26T04:18:12.318+0000] {docker.py:438} INFO - ============================================================
[2025-09-26T04:18:12.319+0000] {docker.py:438} INFO - 🔄 Container restart function started!
[2025-09-26T04:18:12.319+0000] {docker.py:438} INFO - 🔍 Selecting pods with label_selector: app=compose-post-service
[2025-09-26T04:18:12.319+0000] {docker.py:438} INFO - 📋 Found 1 pods initially
[2025-09-26T04:18:12.319+0000] {docker.py:438} INFO - 🎲 Random selection: 1 pods
[2025-09-26T04:18:12.319+0000] {docker.py:438} INFO - ✅ Selected pods: ['compose-post-service-67bbb84bcd-p69ww']
[2025-09-26T04:18:12.319+0000] {docker.py:438} INFO - 🎯 Restarting container in pod: compose-post-service-67bbb84bcd-p69ww
[2025-09-26T04:18:12.320+0000] {docker.py:438} INFO - 📊 Current restart count: 9
[2025-09-26T04:18:12.320+0000] {docker.py:438} INFO - 🔧 Trying restart strategy 1: sh -c kill -INT 1
[2025-09-26T04:18:12.320+0000] {docker.py:438} INFO - ❌ Strategy 1 failed: (0)
[2025-09-26T04:18:12.320+0000] {docker.py:438} INFO - Reason: Handshake status 500 Internal Server Error -+-+- {'date': 'Fri, 26 Sep 2025 04:17:40 GMT', 'connection': 'close', 'content-length': '0'} -+-+- b''
[2025-09-26T04:18:12.320+0000] {docker.py:438} INFO - 
[2025-09-26T04:18:12.320+0000] {docker.py:438} INFO - 🔧 Trying restart strategy 2: sh -c kill -2 1
[2025-09-26T04:18:12.320+0000] {docker.py:438} INFO - ❌ Strategy 2 failed: (0)
[2025-09-26T04:18:12.321+0000] {docker.py:438} INFO - Reason: Handshake status 500 Internal Server Error -+-+- {'date': 'Fri, 26 Sep 2025 04:17:41 GMT', 'connection': 'close', 'content-length': '0'} -+-+- b''
[2025-09-26T04:18:12.321+0000] {docker.py:438} INFO - 
[2025-09-26T04:18:12.321+0000] {docker.py:438} INFO - 🔧 Trying restart strategy 3: sh -c kill -TERM 1
[2025-09-26T04:18:12.321+0000] {docker.py:438} INFO - ❌ Strategy 3 failed: (0)
[2025-09-26T04:18:12.321+0000] {docker.py:438} INFO - Reason: Handshake status 500 Internal Server Error -+-+- {'date': 'Fri, 26 Sep 2025 04:17:43 GMT', 'connection': 'close', 'content-length': '0'} -+-+- b''
[2025-09-26T04:18:12.321+0000] {docker.py:438} INFO - 
[2025-09-26T04:18:12.322+0000] {docker.py:438} INFO - 🔧 Trying restart strategy 4: sh -c kill -9 1
[2025-09-26T04:18:12.322+0000] {docker.py:438} INFO - ❌ Strategy 4 failed: (0)
[2025-09-26T04:18:12.322+0000] {docker.py:438} INFO - Reason: Handshake status 500 Internal Server Error -+-+- {'date': 'Fri, 26 Sep 2025 04:17:44 GMT', 'connection': 'close', 'content-length': '0'} -+-+- b''
[2025-09-26T04:18:12.322+0000] {docker.py:438} INFO - 
[2025-09-26T04:18:12.322+0000] {docker.py:438} INFO - ❌ All restart strategies failed - container restart not verified
[2025-09-26T04:18:12.322+0000] {docker.py:438} INFO - 🏁 Restart operation completed for 1 containers
[2025-09-26T04:18:12.323+0000] {docker.py:438} INFO - ✅ Successfully restarted: 0 containers
[2025-09-26T04:18:12.323+0000] {docker.py:438} INFO - ✅ Successfully restarted 1 containers
[2025-09-26T04:18:12.323+0000] {docker.py:438} INFO -    📦 compose-post-service-67bbb84bcd-p69ww: restart_failed
[2025-09-26T04:18:12.323+0000] {docker.py:438} INFO - ⏳ Waiting 5 seconds until next restart...
[2025-09-26T04:18:12.323+0000] {docker.py:438} INFO - 📊 Time remaining: 28 seconds
[2025-09-26T04:18:12.323+0000] {docker.py:438} INFO - 📈 Total containers restarted so far: 13
[2025-09-26T04:18:12.324+0000] {docker.py:438} INFO - 
[2025-09-26T04:18:12.324+0000] {docker.py:438} INFO - ============================================================
[2025-09-26T04:18:12.324+0000] {docker.py:438} INFO - 🔄 Container Restart #14 at 2025-09-26 04:17:49
[2025-09-26T04:18:12.324+0000] {docker.py:438} INFO - ============================================================
[2025-09-26T04:18:12.324+0000] {docker.py:438} INFO - 🔄 Container restart function started!
[2025-09-26T04:18:12.324+0000] {docker.py:438} INFO - 🔍 Selecting pods with label_selector: app=compose-post-service
[2025-09-26T04:18:12.325+0000] {docker.py:438} INFO - 📋 Found 1 pods initially
[2025-09-26T04:18:12.325+0000] {docker.py:438} INFO - 🎲 Random selection: 1 pods
[2025-09-26T04:18:12.325+0000] {docker.py:438} INFO - ✅ Selected pods: ['compose-post-service-67bbb84bcd-p69ww']
[2025-09-26T04:18:12.325+0000] {docker.py:438} INFO - 🎯 Restarting container in pod: compose-post-service-67bbb84bcd-p69ww
[2025-09-26T04:18:12.325+0000] {docker.py:438} INFO - 📊 Current restart count: 9
[2025-09-26T04:18:12.326+0000] {docker.py:438} INFO - 🔧 Trying restart strategy 1: sh -c kill -INT 1
[2025-09-26T04:18:12.326+0000] {docker.py:438} INFO - ❌ Strategy 1 failed: (0)
[2025-09-26T04:18:12.326+0000] {docker.py:438} INFO - Reason: Handshake status 500 Internal Server Error -+-+- {'date': 'Fri, 26 Sep 2025 04:17:52 GMT', 'connection': 'close', 'content-length': '0'} -+-+- b''
[2025-09-26T04:18:12.326+0000] {docker.py:438} INFO - 
[2025-09-26T04:18:12.326+0000] {docker.py:438} INFO - 🔧 Trying restart strategy 2: sh -c kill -2 1
[2025-09-26T04:18:12.326+0000] {docker.py:438} INFO - ❌ Strategy 2 failed: (0)
[2025-09-26T04:18:12.327+0000] {docker.py:438} INFO - Reason: Handshake status 500 Internal Server Error -+-+- {'date': 'Fri, 26 Sep 2025 04:17:54 GMT', 'connection': 'close', 'content-length': '0'} -+-+- b''
[2025-09-26T04:18:12.327+0000] {docker.py:438} INFO - 
[2025-09-26T04:18:12.327+0000] {docker.py:438} INFO - 🔧 Trying restart strategy 3: sh -c kill -TERM 1
[2025-09-26T04:18:12.327+0000] {docker.py:438} INFO - ❌ Strategy 3 failed: (0)
[2025-09-26T04:18:12.327+0000] {docker.py:438} INFO - Reason: Handshake status 500 Internal Server Error -+-+- {'date': 'Fri, 26 Sep 2025 04:17:55 GMT', 'connection': 'close', 'content-length': '0'} -+-+- b''
[2025-09-26T04:18:12.327+0000] {docker.py:438} INFO - 
[2025-09-26T04:18:12.328+0000] {docker.py:438} INFO - 🔧 Trying restart strategy 4: sh -c kill -9 1
[2025-09-26T04:18:12.328+0000] {docker.py:438} INFO - ❌ Strategy 4 failed: (0)
[2025-09-26T04:18:12.328+0000] {docker.py:438} INFO - Reason: Handshake status 500 Internal Server Error -+-+- {'date': 'Fri, 26 Sep 2025 04:17:57 GMT', 'connection': 'close', 'content-length': '0'} -+-+- b''
[2025-09-26T04:18:12.328+0000] {docker.py:438} INFO - 
[2025-09-26T04:18:12.328+0000] {docker.py:438} INFO - ❌ All restart strategies failed - container restart not verified
[2025-09-26T04:18:12.328+0000] {docker.py:438} INFO - 🏁 Restart operation completed for 1 containers
[2025-09-26T04:18:12.329+0000] {docker.py:438} INFO - ✅ Successfully restarted: 0 containers
[2025-09-26T04:18:12.329+0000] {docker.py:438} INFO - ✅ Successfully restarted 1 containers
[2025-09-26T04:18:12.329+0000] {docker.py:438} INFO -    📦 compose-post-service-67bbb84bcd-p69ww: restart_failed
[2025-09-26T04:18:12.329+0000] {docker.py:438} INFO - ⏳ Waiting 5 seconds until next restart...
[2025-09-26T04:18:12.329+0000] {docker.py:438} INFO - 📊 Time remaining: 15 seconds
[2025-09-26T04:18:12.329+0000] {docker.py:438} INFO - 📈 Total containers restarted so far: 14
[2025-09-26T04:18:12.330+0000] {docker.py:438} INFO - 
[2025-09-26T04:18:12.330+0000] {docker.py:438} INFO - ============================================================
[2025-09-26T04:18:12.330+0000] {docker.py:438} INFO - 🔄 Container Restart #15 at 2025-09-26 04:18:02
[2025-09-26T04:18:12.330+0000] {docker.py:438} INFO - ============================================================
[2025-09-26T04:18:12.330+0000] {docker.py:438} INFO - 🔄 Container restart function started!
[2025-09-26T04:18:12.330+0000] {docker.py:438} INFO - 🔍 Selecting pods with label_selector: app=compose-post-service
[2025-09-26T04:18:12.331+0000] {docker.py:438} INFO - 📋 Found 1 pods initially
[2025-09-26T04:18:12.331+0000] {docker.py:438} INFO - 🎲 Random selection: 1 pods
[2025-09-26T04:18:12.331+0000] {docker.py:438} INFO - ✅ Selected pods: ['compose-post-service-67bbb84bcd-p69ww']
[2025-09-26T04:18:12.331+0000] {docker.py:438} INFO - 🎯 Restarting container in pod: compose-post-service-67bbb84bcd-p69ww
[2025-09-26T04:18:12.331+0000] {docker.py:438} INFO - 📊 Current restart count: 9
[2025-09-26T04:18:12.331+0000] {docker.py:438} INFO - 🔧 Trying restart strategy 1: sh -c kill -INT 1
[2025-09-26T04:18:12.332+0000] {docker.py:438} INFO - ❌ Strategy 1 failed: (0)
[2025-09-26T04:18:12.332+0000] {docker.py:438} INFO - Reason: Handshake status 500 Internal Server Error -+-+- {'date': 'Fri, 26 Sep 2025 04:18:05 GMT', 'connection': 'close', 'content-length': '0'} -+-+- b''
[2025-09-26T04:18:12.332+0000] {docker.py:438} INFO - 
[2025-09-26T04:18:12.332+0000] {docker.py:438} INFO - 🔧 Trying restart strategy 2: sh -c kill -2 1
[2025-09-26T04:18:12.332+0000] {docker.py:438} INFO - ❌ Strategy 2 failed: (0)
[2025-09-26T04:18:12.332+0000] {docker.py:438} INFO - Reason: Handshake status 500 Internal Server Error -+-+- {'date': 'Fri, 26 Sep 2025 04:18:07 GMT', 'connection': 'close', 'content-length': '0'} -+-+- b''
[2025-09-26T04:18:12.333+0000] {docker.py:438} INFO - 
[2025-09-26T04:18:12.333+0000] {docker.py:438} INFO - 🔧 Trying restart strategy 3: sh -c kill -TERM 1
[2025-09-26T04:18:12.333+0000] {docker.py:438} INFO - ❌ Strategy 3 failed: (0)
[2025-09-26T04:18:12.333+0000] {docker.py:438} INFO - Reason: Handshake status 500 Internal Server Error -+-+- {'date': 'Fri, 26 Sep 2025 04:18:09 GMT', 'connection': 'close', 'content-length': '0'} -+-+- b''
[2025-09-26T04:18:12.333+0000] {docker.py:438} INFO - 
[2025-09-26T04:18:12.334+0000] {docker.py:438} INFO - 🔧 Trying restart strategy 4: sh -c kill -9 1
[2025-09-26T04:18:12.334+0000] {docker.py:438} INFO - ❌ Strategy 4 failed: (0)
[2025-09-26T04:18:12.334+0000] {docker.py:438} INFO - Reason: Handshake status 500 Internal Server Error -+-+- {'date': 'Fri, 26 Sep 2025 04:18:10 GMT', 'connection': 'close', 'content-length': '0'} -+-+- b''
[2025-09-26T04:18:12.334+0000] {docker.py:438} INFO - 
[2025-09-26T04:18:12.334+0000] {docker.py:438} INFO - ❌ All restart strategies failed - container restart not verified
[2025-09-26T04:18:12.334+0000] {docker.py:438} INFO - 🏁 Restart operation completed for 1 containers
[2025-09-26T04:18:12.335+0000] {docker.py:438} INFO - ✅ Successfully restarted: 0 containers
[2025-09-26T04:18:12.335+0000] {docker.py:438} INFO - ✅ Successfully restarted 1 containers
[2025-09-26T04:18:12.335+0000] {docker.py:438} INFO -    📦 compose-post-service-67bbb84bcd-p69ww: restart_failed
[2025-09-26T04:18:12.335+0000] {docker.py:438} INFO - ⏰ Less than 5 seconds remaining, stopping experiment
[2025-09-26T04:18:12.335+0000] {docker.py:438} INFO - 
[2025-09-26T04:18:12.335+0000] {docker.py:438} INFO - ============================================================
[2025-09-26T04:18:12.336+0000] {docker.py:438} INFO - 🏁 Container Restart Experiment Completed!
[2025-09-26T04:18:12.336+0000] {docker.py:438} INFO - ============================================================
[2025-09-26T04:18:12.336+0000] {docker.py:438} INFO - 📈 Total restart cycles: 15
[2025-09-26T04:18:12.336+0000] {docker.py:438} INFO - 📦 Total containers restarted: 15
[2025-09-26T04:18:12.336+0000] {docker.py:438} INFO - ⏱️  Total duration: 398 seconds
[2025-09-26T04:18:12.336+0000] {docker.py:438} INFO - 📊 Average cycle time: 26.5 seconds
[2025-09-26T04:18:12.337+0000] {docker.py:438} INFO - 🎯 Target selector: app=compose-post-service
[2025-09-26T04:18:12.337+0000] {docker.py:438} INFO - 📍 Namespace: default
[2025-09-26T04:18:12.389+0000] {docker.py:438} INFO - Container restart experiment completed successfully
[2025-09-26T04:18:12.533+0000] {taskinstance.py:340} INFO - ::group::Post task execution logs
[2025-09-26T04:18:12.533+0000] {taskinstance.py:352} INFO - Marking task as SUCCESS. dag_id=Container_Restart, task_id=apply_container_restart_docker, run_id=scheduled__2025-01-10T00:00:00+00:00, execution_date=20250110T000000, start_date=20250926T041125, end_date=20250926T041812
[2025-09-26T04:18:12.564+0000] {local_task_job_runner.py:266} INFO - Task exited with return code 0
[2025-09-26T04:18:12.577+0000] {taskinstance.py:3900} INFO - 0 downstream tasks scheduled from follow-on schedule check
[2025-09-26T04:18:12.579+0000] {local_task_job_runner.py:245} INFO - ::endgroup::
