[2025-09-26T13:15:39.615+0000] {local_task_job_runner.py:123} INFO - ::group::Pre task execution logs
[2025-09-26T13:15:39.630+0000] {taskinstance.py:2612} INFO - Dependencies all met for dep_context=non-requeueable deps ti=<TaskInstance: Container_Restart.apply_container_restart_docker manual__2025-09-26T13:15:37.366443+00:00 [queued]>
[2025-09-26T13:15:39.640+0000] {taskinstance.py:2612} INFO - Dependencies all met for dep_context=requeueable deps ti=<TaskInstance: Container_Restart.apply_container_restart_docker manual__2025-09-26T13:15:37.366443+00:00 [queued]>
[2025-09-26T13:15:39.641+0000] {taskinstance.py:2865} INFO - Starting attempt 1 of 1
[2025-09-26T13:15:39.655+0000] {taskinstance.py:2888} INFO - Executing <Task(DockerOperator): apply_container_restart_docker> on 2025-09-26 13:15:37.366443+00:00
[2025-09-26T13:15:39.660+0000] {standard_task_runner.py:72} INFO - Started process 249 to run task
[2025-09-26T13:15:39.664+0000] {standard_task_runner.py:104} INFO - Running: ['***', 'tasks', 'run', 'Container_Restart', 'apply_container_restart_docker', 'manual__2025-09-26T13:15:37.366443+00:00', '--job-id', '342', '--raw', '--subdir', 'DAGS_FOLDER/dag_factory.py', '--cfg-path', '/tmp/tmphe__zivf']
[2025-09-26T13:15:39.665+0000] {standard_task_runner.py:105} INFO - Job 342: Subtask apply_container_restart_docker
[2025-09-26T13:15:39.717+0000] {task_command.py:467} INFO - Running <TaskInstance: Container_Restart.apply_container_restart_docker manual__2025-09-26T13:15:37.366443+00:00 [running]> on host BNXL-80508-WL.India.XoriantCorp.com
[2025-09-26T13:15:39.810+0000] {taskinstance.py:3131} INFO - Exporting env vars: AIRFLOW_CTX_DAG_OWNER='***' AIRFLOW_CTX_DAG_ID='Container_Restart' AIRFLOW_CTX_TASK_ID='apply_container_restart_docker' AIRFLOW_CTX_EXECUTION_DATE='2025-09-26T13:15:37.366443+00:00' AIRFLOW_CTX_TRY_NUMBER='1' AIRFLOW_CTX_DAG_RUN_ID='manual__2025-09-26T13:15:37.366443+00:00'
[2025-09-26T13:15:39.811+0000] {taskinstance.py:731} INFO - ::endgroup::
[2025-09-26T13:15:39.979+0000] {docker.py:367} INFO - Starting docker container from image priyanshu01ce/***_chaos:latest
[2025-09-26T13:15:40.411+0000] {docker.py:438} INFO - The container is run as root user. For security, consider using a regular user account.
[2025-09-26T13:15:48.834+0000] {docker.py:438} INFO - 
[2025-09-26T13:15:48.844+0000] {docker.py:438} INFO - total 396
[2025-09-26T13:15:48.845+0000] {docker.py:438} INFO - drwxr-xr-x 4    1000 1000  4096 Sep 26 11:43 .
[2025-09-26T13:15:48.845+0000] {docker.py:438} INFO - drwxr-xr-x 1 *** root  4096 Sep 26 10:44 ..
[2025-09-26T13:15:48.846+0000] {docker.py:438} INFO - -rw-r--r-- 1    1000 1000  1193 Sep  8 07:02 API_Latency.json
[2025-09-26T13:15:48.846+0000] {docker.py:438} INFO - -rw-r--r-- 1    1000 1000   729 Sep  9 10:30 API_Timeout.json
[2025-09-26T13:15:48.846+0000] {docker.py:438} INFO - -rw-r--r-- 1    1000 1000  1339 Sep 26 12:48 Continuous_Load_Test.yaml
[2025-09-26T13:15:48.846+0000] {docker.py:438} INFO - -rw-r--r-- 1    1000 1000  1241 Sep 25 11:21 Load_Test.yaml
[2025-09-26T13:15:48.847+0000] {docker.py:438} INFO - -rw-r--r-- 1    1000 1000  1177 Sep 25 10:49 Stress_test.yaml
[2025-09-26T13:15:48.847+0000] {docker.py:438} INFO - -rw-r--r-- 1    1000 1000  1017 Sep 24 10:45 Stress_test_kube.yaml
[2025-09-26T13:15:48.847+0000] {docker.py:438} INFO - drwxr-xr-x 2 root    root  4096 Sep 26 10:30 __pycache__
[2025-09-26T13:15:48.847+0000] {docker.py:438} INFO - -rw-r--r-- 1    1000 1000  8875 Sep 25 16:54 chaosk6_actions.py
[2025-09-26T13:15:48.848+0000] {docker.py:438} INFO - -rw-rw-r-- 1 root    root 62855 Sep 26 12:57 chaostoolkit.log
[2025-09-26T13:15:48.848+0000] {docker.py:438} INFO - -rw-r--r-- 1    1000 1000  3213 Sep  9 09:11 combined-sequential.json
[2025-09-26T13:15:48.848+0000] {docker.py:438} INFO - -rw-r--r-- 1    1000 1000   502 Sep 16 05:31 connection_test_experiment.json
[2025-09-26T13:15:48.849+0000] {docker.py:438} INFO - -rw-r--r-- 1    1000 1000  1420 Sep 24 06:53 container_restart.json
[2025-09-26T13:15:48.849+0000] {docker.py:438} INFO - -rw-r--r-- 1    1000 1000 16452 Sep 26 09:59 container_restart.py
[2025-09-26T13:15:48.849+0000] {docker.py:438} INFO - -rw-r--r-- 1    1000 1000  1315 Sep 25 11:12 container_restart.yaml
[2025-09-26T13:15:48.849+0000] {docker.py:438} INFO - -rw-r--r-- 1    1000 1000  1031 Sep 24 07:37 container_restart_kube.yaml
[2025-09-26T13:15:48.850+0000] {docker.py:438} INFO - -rw-r--r-- 1    1000 1000  1409 Sep 18 12:30 continuous_load_test.json
[2025-09-26T13:15:48.850+0000] {docker.py:438} INFO - -rw-r--r-- 1    1000 1000  1637 Sep 25 10:13 cordon-uncordon-node.json
[2025-09-26T13:15:48.850+0000] {docker.py:438} INFO - -rw-r--r-- 1    1000 1000  1637 Sep 25 04:39 cordon_test.json
[2025-09-26T13:15:48.850+0000] {docker.py:438} INFO - -rw-r--r-- 1    1000 1000  1037 Sep 25 11:18 cordon_uncordon_node.yaml
[2025-09-26T13:15:48.851+0000] {docker.py:438} INFO - -rw-r--r-- 1    1000 1000  1214 Sep 24 17:12 cordon_uncordon_node_kube.yaml
[2025-09-26T13:15:48.851+0000] {docker.py:438} INFO - -rw-r--r-- 1    1000 1000  1771 Sep 24 07:40 db_cleanup.json
[2025-09-26T13:15:48.851+0000] {docker.py:438} INFO - -rw-r--r-- 1    1000 1000  6399 Sep 24 07:40 db_cleanup.py
[2025-09-26T13:15:48.851+0000] {docker.py:438} INFO - -rw-r--r-- 1    1000 1000  1172 Sep 24 07:40 db_cleanup_docker.yaml
[2025-09-26T13:15:48.852+0000] {docker.py:438} INFO - -rw-r--r-- 1    1000 1000  1097 Sep 24 10:43 db_cleanup_kube.yaml
[2025-09-26T13:15:48.852+0000] {docker.py:438} INFO - -rw-r--r-- 1 root    root  4166 Sep 26 12:51 journal.json
[2025-09-26T13:15:48.852+0000] {docker.py:438} INFO - -rw-rw-r-- 1 root    root 91507 Sep 26 13:10 k6_continuous_load.log
[2025-09-26T13:15:48.852+0000] {docker.py:438} INFO - -rw-r--r-- 1 root    root  3970 Sep 20 09:39 k6_continuous_summary.json
[2025-09-26T13:15:48.853+0000] {docker.py:438} INFO - -rw-r--r-- 1 root    root  3433 Sep 25 09:28 k6_summary.json
[2025-09-26T13:15:48.853+0000] {docker.py:438} INFO - -rw-r--r-- 1    1000 1000   945 Sep 21 16:40 load_test.json
[2025-09-26T13:15:48.853+0000] {docker.py:438} INFO - -rw-r--r-- 1    1000 1000   879 Sep 24 07:14 load_test_kube.yaml
[2025-09-26T13:15:48.853+0000] {docker.py:438} INFO - -rw-r--r-- 1    1000 1000   528 Sep 17 12:13 max_connection_experiment.json
[2025-09-26T13:15:48.853+0000] {docker.py:438} INFO - -rw-r--r-- 1    1000 1000  1227 Sep 13 15:20 memory-stress-rollback.json
[2025-09-26T13:15:48.854+0000] {docker.py:438} INFO - -rw-r--r-- 1    1000 1000  7586 Sep 18 05:54 mongodb_actions.py
[2025-09-26T13:15:48.854+0000] {docker.py:438} INFO - -rw-r--r-- 1    1000 1000  2136 Sep 18 11:23 mongodb_connection.json
[2025-09-26T13:15:48.854+0000] {docker.py:438} INFO - -rw-r--r-- 1    1000 1000   597 Sep 16 09:17 mongodb_network_latency_experiment.json
[2025-09-26T13:15:48.854+0000] {docker.py:438} INFO - -rw-r--r-- 1    1000 1000  3657 Sep 18 05:42 mongodb_probes.py
[2025-09-26T13:15:48.855+0000] {docker.py:438} INFO - -rw-r--r-- 1    1000 1000  6161 Sep 12 08:04 pod_restart.py
[2025-09-26T13:15:48.855+0000] {docker.py:438} INFO - -rw-r--r-- 1    1000 1000  1632 Sep 16 08:57 redis_config_faults.py
[2025-09-26T13:15:48.855+0000] {docker.py:438} INFO - -rw-r--r-- 1    1000 1000   902 Sep 18 08:24 redis_experiment.json
[2025-09-26T13:15:48.856+0000] {docker.py:438} INFO - -rw-r--r-- 1    1000 1000  1251 Sep 18 09:25 redis_experiment.yaml
[2025-09-26T13:15:48.856+0000] {docker.py:438} INFO - -rw-r--r-- 1    1000 1000   929 Sep 24 07:35 redis_experiment_kube.yaml
[2025-09-26T13:15:48.856+0000] {docker.py:438} INFO - -rw-r--r-- 1    1000 1000   945 Sep 18 06:53 redis_load.json
[2025-09-26T13:15:48.856+0000] {docker.py:438} INFO - -rw-r--r-- 1    1000 1000  1255 Sep 25 11:19 redis_memory_stress.yaml
[2025-09-26T13:15:48.857+0000] {docker.py:438} INFO - -rw-r--r-- 1    1000 1000  1284 Sep 25 10:53 run_load_test_with_cleanup.py
[2025-09-26T13:15:48.857+0000] {docker.py:438} INFO - drwxr-xr-x 2    1000 1000  4096 Sep 18 09:09 scripts
[2025-09-26T13:15:48.857+0000] {docker.py:438} INFO - -rw-r--r-- 1    1000 1000  2034 Sep 25 10:52 stress_test.json
[2025-09-26T13:15:48.857+0000] {docker.py:438} INFO - -rw-r--r-- 1    1000 1000   367 Sep 17 07:24 test_params.json
[2025-09-26T13:15:48.858+0000] {docker.py:438} INFO - Starting continuous container restart experiment...
[2025-09-26T13:15:49.844+0000] {docker.py:438} INFO - [32m[2025-09-26 13:15:49 INFO] Validating the experiment's syntax
[2025-09-26T13:15:50.095+0000] {docker.py:438} INFO - [32m[2025-09-26 13:15:50 INFO] Experiment looks valid
[2025-09-26T13:15:50.096+0000] {docker.py:438} INFO - [32m[2025-09-26 13:15:50 INFO] Running experiment: Continuous Container Restart Experiment
[2025-09-26T13:15:50.098+0000] {docker.py:438} INFO - [32m[2025-09-26 13:15:50 INFO] Steady-state strategy: default
[2025-09-26T13:15:50.098+0000] {docker.py:438} INFO - [32m[2025-09-26 13:15:50 INFO] Rollbacks strategy: default
[2025-09-26T13:15:50.098+0000] {docker.py:438} INFO - [32m[2025-09-26 13:15:50 INFO] No steady state hypothesis defined. That's ok, just exploring.
[2025-09-26T13:15:50.099+0000] {docker.py:438} INFO - [32m[2025-09-26 13:15:50 INFO] Playing your experiment's method now...
[2025-09-26T13:15:50.099+0000] {docker.py:438} INFO - [32m[2025-09-26 13:15:50 INFO] Action: continuous-container-restart
[2025-09-26T13:16:27.766+0000] {docker.py:438} INFO - 🚀 [DEBUG] Entered restart_containers_continuous()
[2025-09-26T13:16:27.766+0000] {docker.py:438} INFO -    Params => label_selector=app=compose-post-service, interval=5, duration=400, ns=default, container_name=compose-post-service
[2025-09-26T13:16:27.766+0000] {docker.py:438} INFO - 
[2025-09-26T13:16:27.766+0000] {docker.py:438} INFO - ============================================================
[2025-09-26T13:16:27.767+0000] {docker.py:438} INFO - 🔄 [DEBUG] Container Restart Cycle #1 at 2025-09-26 13:15:50
[2025-09-26T13:16:27.767+0000] {docker.py:438} INFO - ============================================================
[2025-09-26T13:16:27.767+0000] {docker.py:438} INFO - 🔄 [DEBUG] Entered restart_containers()
[2025-09-26T13:16:27.767+0000] {docker.py:438} INFO -    Params => label_selector=app=compose-post-service, name_pattern=None, qty=2, rand=True, mode=fixed, ns=default, order=alphabetic, container_name=compose-post-service, restart_command=None
[2025-09-26T13:16:27.767+0000] {docker.py:438} INFO - 🔑 [DEBUG] Kubernetes API client created
[2025-09-26T13:16:27.767+0000] {docker.py:438} INFO - 🔍 [DEBUG] Selecting pods now...
[2025-09-26T13:16:27.767+0000] {docker.py:438} INFO - 🔍 [DEBUG] Entered _select_pods()
[2025-09-26T13:16:27.768+0000] {docker.py:438} INFO -    Params => label_selector=app=compose-post-service, name_pattern=None, all=False, rand=True, mode=fixed, qty=2, ns=default, order=alphabetic
[2025-09-26T13:16:27.768+0000] {docker.py:438} INFO -    [DEBUG] Listing pods with label_selector=app=compose-post-service
[2025-09-26T13:16:27.768+0000] {docker.py:438} INFO - 📋 [DEBUG] Found 1 pods initially
[2025-09-26T13:16:27.768+0000] {docker.py:438} INFO - 🎲 [DEBUG] Random selection chosen: 1 pods
[2025-09-26T13:16:27.768+0000] {docker.py:438} INFO - ✅ [DEBUG] Selected pods: ['compose-post-service-5458cb945b-2zz2s']
[2025-09-26T13:16:27.768+0000] {docker.py:438} INFO - 📋 [DEBUG] Pods selected: 1
[2025-09-26T13:16:27.768+0000] {docker.py:438} INFO - 
[2025-09-26T13:16:27.768+0000] {docker.py:438} INFO - 🎯 [DEBUG] Processing pod: compose-post-service-5458cb945b-2zz2s
[2025-09-26T13:16:27.769+0000] {docker.py:438} INFO - 📦 [DEBUG] Using provided container: compose-post-service
[2025-09-26T13:16:27.769+0000] {docker.py:438} INFO - 🔍 [DEBUG] _get_restart_count() called for pod=compose-post-service-5458cb945b-2zz2s, ns=default, container=compose-post-service
[2025-09-26T13:16:27.769+0000] {docker.py:438} INFO -    [DEBUG] Found 1 container_status entries
[2025-09-26T13:16:27.769+0000] {docker.py:438} INFO -    [DEBUG] container: compose-post-service, restart_count: 0
[2025-09-26T13:16:27.769+0000] {docker.py:438} INFO -    ✅ [DEBUG] Matched container compose-post-service, restart_count=0
[2025-09-26T13:16:27.769+0000] {docker.py:438} INFO - 📊 [DEBUG] Restart count before action: 0
[2025-09-26T13:16:27.769+0000] {docker.py:438} INFO - 🔧 [DEBUG] Restart strategies to try: [['sh', '-c', 'kill -INT 1'], ['sh', '-c', 'kill -2 1'], ['sh', '-c', 'kill -TERM 1'], ['sh', '-c', 'kill -9 1']]
[2025-09-26T13:16:27.769+0000] {docker.py:438} INFO - ➡️ [DEBUG] Trying restart strategy #1: sh -c kill -INT 1
[2025-09-26T13:16:27.770+0000] {docker.py:438} INFO -    [DEBUG] Exec stream opened successfully, running command...
[2025-09-26T13:16:27.770+0000] {docker.py:438} INFO -    [DEBUG] run_forever returned/finished
[2025-09-26T13:16:27.770+0000] {docker.py:438} INFO -    📤 [DEBUG] STDOUT (truncated): 
[2025-09-26T13:16:27.770+0000] {docker.py:438} INFO -    📤 [DEBUG] STDERR (truncated): 
[2025-09-26T13:16:27.770+0000] {docker.py:438} INFO -    📤 [DEBUG] CTRL_ERR: {"metadata":{},"status":"Success"}
[2025-09-26T13:16:27.770+0000] {docker.py:438} INFO -    ⏳ [DEBUG] Waiting up to 60s for restart count to increment...
[2025-09-26T13:16:27.770+0000] {docker.py:438} INFO - 🔍 [DEBUG] _get_restart_count() called for pod=compose-post-service-5458cb945b-2zz2s, ns=default, container=compose-post-service
[2025-09-26T13:16:27.770+0000] {docker.py:438} INFO -    [DEBUG] Found 1 container_status entries
[2025-09-26T13:16:27.770+0000] {docker.py:438} INFO -    [DEBUG] container: compose-post-service, restart_count: 0
[2025-09-26T13:16:27.771+0000] {docker.py:438} INFO -    ✅ [DEBUG] Matched container compose-post-service, restart_count=0
[2025-09-26T13:16:27.771+0000] {docker.py:438} INFO -    [DEBUG] Polled restart count: 0 (before was 0)
[2025-09-26T13:16:27.771+0000] {docker.py:438} INFO - 🔍 [DEBUG] _get_restart_count() called for pod=compose-post-service-5458cb945b-2zz2s, ns=default, container=compose-post-service
[2025-09-26T13:16:27.771+0000] {docker.py:438} INFO -    [DEBUG] Found 1 container_status entries
[2025-09-26T13:16:27.771+0000] {docker.py:438} INFO -    [DEBUG] container: compose-post-service, restart_count: 1
[2025-09-26T13:16:27.771+0000] {docker.py:438} INFO -    ✅ [DEBUG] Matched container compose-post-service, restart_count=1
[2025-09-26T13:16:27.771+0000] {docker.py:438} INFO -    [DEBUG] Polled restart count: 1 (before was 0)
[2025-09-26T13:16:27.772+0000] {docker.py:438} INFO -    ✅ [DEBUG] Restart observed: 0 -> 1
[2025-09-26T13:16:27.772+0000] {docker.py:438} INFO -    🎉 [DEBUG] Restart verified, breaking out of strategies loop
[2025-09-26T13:16:27.772+0000] {docker.py:438} INFO - 🔍 [DEBUG] _get_restart_count() called for pod=compose-post-service-5458cb945b-2zz2s, ns=default, container=compose-post-service
[2025-09-26T13:16:27.772+0000] {docker.py:438} INFO -    [DEBUG] Found 1 container_status entries
[2025-09-26T13:16:27.772+0000] {docker.py:438} INFO -    [DEBUG] container: compose-post-service, restart_count: 1
[2025-09-26T13:16:27.772+0000] {docker.py:438} INFO -    ✅ [DEBUG] Matched container compose-post-service, restart_count=1
[2025-09-26T13:16:27.772+0000] {docker.py:438} INFO - ✅ [DEBUG] Restart recorded for compose-post-service-5458cb945b-2zz2s: 0 -> 1
[2025-09-26T13:16:27.772+0000] {docker.py:438} INFO - 
[2025-09-26T13:16:27.773+0000] {docker.py:438} INFO - 🏁 [DEBUG] restart_containers() finished. Processed 1 pods
[2025-09-26T13:16:27.773+0000] {docker.py:438} INFO -    [DEBUG] restart_containers returned 1 entries
[2025-09-26T13:16:27.773+0000] {docker.py:438} INFO - ✅ [DEBUG] Successfully restarted this cycle: 1
[2025-09-26T13:16:27.773+0000] {docker.py:438} INFO -    📦 [DEBUG] compose-post-service-5458cb945b-2zz2s: restart_verified
[2025-09-26T13:16:27.773+0000] {docker.py:438} INFO - ⏳ [DEBUG] Waiting 5 seconds until next cycle. Time remaining: 387s
[2025-09-26T13:16:27.773+0000] {docker.py:438} INFO - 
[2025-09-26T13:16:27.773+0000] {docker.py:438} INFO - ============================================================
[2025-09-26T13:16:27.773+0000] {docker.py:438} INFO - 🔄 [DEBUG] Container Restart Cycle #2 at 2025-09-26 13:16:08
[2025-09-26T13:16:27.774+0000] {docker.py:438} INFO - ============================================================
[2025-09-26T13:16:27.774+0000] {docker.py:438} INFO - 🔄 [DEBUG] Entered restart_containers()
[2025-09-26T13:16:27.774+0000] {docker.py:438} INFO -    Params => label_selector=app=compose-post-service, name_pattern=None, qty=2, rand=True, mode=fixed, ns=default, order=alphabetic, container_name=compose-post-service, restart_command=None
[2025-09-26T13:16:27.774+0000] {docker.py:438} INFO - 🔑 [DEBUG] Kubernetes API client created
[2025-09-26T13:16:27.774+0000] {docker.py:438} INFO - 🔍 [DEBUG] Selecting pods now...
[2025-09-26T13:16:27.774+0000] {docker.py:438} INFO - 🔍 [DEBUG] Entered _select_pods()
[2025-09-26T13:16:27.774+0000] {docker.py:438} INFO -    Params => label_selector=app=compose-post-service, name_pattern=None, all=False, rand=True, mode=fixed, qty=2, ns=default, order=alphabetic
[2025-09-26T13:16:27.774+0000] {docker.py:438} INFO -    [DEBUG] Listing pods with label_selector=app=compose-post-service
[2025-09-26T13:16:27.775+0000] {docker.py:438} INFO - 📋 [DEBUG] Found 1 pods initially
[2025-09-26T13:16:27.775+0000] {docker.py:438} INFO - 🎲 [DEBUG] Random selection chosen: 1 pods
[2025-09-26T13:16:27.775+0000] {docker.py:438} INFO - ✅ [DEBUG] Selected pods: ['compose-post-service-5458cb945b-2zz2s']
[2025-09-26T13:16:27.775+0000] {docker.py:438} INFO - 📋 [DEBUG] Pods selected: 1
[2025-09-26T13:16:27.775+0000] {docker.py:438} INFO - 
[2025-09-26T13:16:27.775+0000] {docker.py:438} INFO - 🎯 [DEBUG] Processing pod: compose-post-service-5458cb945b-2zz2s
[2025-09-26T13:16:27.775+0000] {docker.py:438} INFO - 📦 [DEBUG] Using provided container: compose-post-service
[2025-09-26T13:16:27.775+0000] {docker.py:438} INFO - 🔍 [DEBUG] _get_restart_count() called for pod=compose-post-service-5458cb945b-2zz2s, ns=default, container=compose-post-service
[2025-09-26T13:16:27.776+0000] {docker.py:438} INFO -    [DEBUG] Found 1 container_status entries
[2025-09-26T13:16:27.776+0000] {docker.py:438} INFO -    [DEBUG] container: compose-post-service, restart_count: 1
[2025-09-26T13:16:27.776+0000] {docker.py:438} INFO -    ✅ [DEBUG] Matched container compose-post-service, restart_count=1
[2025-09-26T13:16:27.776+0000] {docker.py:438} INFO - 📊 [DEBUG] Restart count before action: 1
[2025-09-26T13:16:27.776+0000] {docker.py:438} INFO - 🔧 [DEBUG] Restart strategies to try: [['sh', '-c', 'kill -INT 1'], ['sh', '-c', 'kill -2 1'], ['sh', '-c', 'kill -TERM 1'], ['sh', '-c', 'kill -9 1']]
[2025-09-26T13:16:27.776+0000] {docker.py:438} INFO - ➡️ [DEBUG] Trying restart strategy #1: sh -c kill -INT 1
[2025-09-26T13:16:27.776+0000] {docker.py:438} INFO -    [DEBUG] Exec stream opened successfully, running command...
[2025-09-26T13:16:27.777+0000] {docker.py:438} INFO -    [DEBUG] run_forever returned/finished
[2025-09-26T13:16:27.777+0000] {docker.py:438} INFO -    📤 [DEBUG] STDOUT (truncated): 
[2025-09-26T13:16:27.777+0000] {docker.py:438} INFO -    📤 [DEBUG] STDERR (truncated): 
[2025-09-26T13:16:27.777+0000] {docker.py:438} INFO -    📤 [DEBUG] CTRL_ERR: {"metadata":{},"status":"Success"}
[2025-09-26T13:16:27.777+0000] {docker.py:438} INFO -    ⏳ [DEBUG] Waiting up to 60s for restart count to increment...
[2025-09-26T13:16:27.777+0000] {docker.py:438} INFO - 🔍 [DEBUG] _get_restart_count() called for pod=compose-post-service-5458cb945b-2zz2s, ns=default, container=compose-post-service
[2025-09-26T13:16:27.777+0000] {docker.py:438} INFO -    [DEBUG] Found 1 container_status entries
[2025-09-26T13:16:27.777+0000] {docker.py:438} INFO -    [DEBUG] container: compose-post-service, restart_count: 1
[2025-09-26T13:16:27.778+0000] {docker.py:438} INFO -    ✅ [DEBUG] Matched container compose-post-service, restart_count=1
[2025-09-26T13:16:27.778+0000] {docker.py:438} INFO -    [DEBUG] Polled restart count: 1 (before was 1)
[2025-09-26T13:16:27.778+0000] {docker.py:438} INFO - 🔍 [DEBUG] _get_restart_count() called for pod=compose-post-service-5458cb945b-2zz2s, ns=default, container=compose-post-service
[2025-09-26T13:16:27.778+0000] {docker.py:438} INFO -    [DEBUG] Found 1 container_status entries
[2025-09-26T13:16:27.778+0000] {docker.py:438} INFO -    [DEBUG] container: compose-post-service, restart_count: 1
[2025-09-26T13:16:27.778+0000] {docker.py:438} INFO -    ✅ [DEBUG] Matched container compose-post-service, restart_count=1
[2025-09-26T13:16:27.778+0000] {docker.py:438} INFO -    [DEBUG] Polled restart count: 1 (before was 1)
[2025-09-26T13:16:27.778+0000] {docker.py:438} INFO - 🔍 [DEBUG] _get_restart_count() called for pod=compose-post-service-5458cb945b-2zz2s, ns=default, container=compose-post-service
[2025-09-26T13:16:27.779+0000] {docker.py:438} INFO -    [DEBUG] Found 1 container_status entries
[2025-09-26T13:16:27.779+0000] {docker.py:438} INFO -    [DEBUG] container: compose-post-service, restart_count: 1
[2025-09-26T13:16:27.779+0000] {docker.py:438} INFO -    ✅ [DEBUG] Matched container compose-post-service, restart_count=1
[2025-09-26T13:16:27.779+0000] {docker.py:438} INFO -    [DEBUG] Polled restart count: 1 (before was 1)
[2025-09-26T13:16:27.779+0000] {docker.py:438} INFO - 🔍 [DEBUG] _get_restart_count() called for pod=compose-post-service-5458cb945b-2zz2s, ns=default, container=compose-post-service
[2025-09-26T13:16:27.779+0000] {docker.py:438} INFO -    [DEBUG] Found 1 container_status entries
[2025-09-26T13:16:27.779+0000] {docker.py:438} INFO -    [DEBUG] container: compose-post-service, restart_count: 1
[2025-09-26T13:16:27.779+0000] {docker.py:438} INFO -    ✅ [DEBUG] Matched container compose-post-service, restart_count=1
[2025-09-26T13:16:27.780+0000] {docker.py:438} INFO -    [DEBUG] Polled restart count: 1 (before was 1)
[2025-09-26T13:16:27.780+0000] {docker.py:438} INFO - 🔍 [DEBUG] _get_restart_count() called for pod=compose-post-service-5458cb945b-2zz2s, ns=default, container=compose-post-service
[2025-09-26T13:16:27.780+0000] {docker.py:438} INFO -    [DEBUG] Found 1 container_status entries
[2025-09-26T13:16:27.780+0000] {docker.py:438} INFO -    [DEBUG] container: compose-post-service, restart_count: 1
[2025-09-26T13:16:27.780+0000] {docker.py:438} INFO -    ✅ [DEBUG] Matched container compose-post-service, restart_count=1
[2025-09-26T13:16:27.780+0000] {docker.py:438} INFO -    [DEBUG] Polled restart count: 1 (before was 1)
[2025-09-26T13:16:27.780+0000] {docker.py:438} INFO - 🔍 [DEBUG] _get_restart_count() called for pod=compose-post-service-5458cb945b-2zz2s, ns=default, container=compose-post-service
[2025-09-26T13:16:27.780+0000] {docker.py:438} INFO -    [DEBUG] Found 1 container_status entries
[2025-09-26T13:16:27.780+0000] {docker.py:438} INFO -    [DEBUG] container: compose-post-service, restart_count: 1
[2025-09-26T13:16:27.781+0000] {docker.py:438} INFO -    ✅ [DEBUG] Matched container compose-post-service, restart_count=1
[2025-09-26T13:16:27.781+0000] {docker.py:438} INFO -    [DEBUG] Polled restart count: 1 (before was 1)
[2025-09-26T13:16:27.781+0000] {docker.py:438} INFO - 🔍 [DEBUG] _get_restart_count() called for pod=compose-post-service-5458cb945b-2zz2s, ns=default, container=compose-post-service
[2025-09-26T13:16:27.781+0000] {docker.py:438} INFO -    [DEBUG] Found 1 container_status entries
[2025-09-26T13:16:27.781+0000] {docker.py:438} INFO -    [DEBUG] container: compose-post-service, restart_count: 2
[2025-09-26T13:16:27.781+0000] {docker.py:438} INFO -    ✅ [DEBUG] Matched container compose-post-service, restart_count=2
[2025-09-26T13:16:27.781+0000] {docker.py:438} INFO -    [DEBUG] Polled restart count: 2 (before was 1)
[2025-09-26T13:16:27.781+0000] {docker.py:438} INFO -    ✅ [DEBUG] Restart observed: 1 -> 2
[2025-09-26T13:16:27.782+0000] {docker.py:438} INFO -    🎉 [DEBUG] Restart verified, breaking out of strategies loop
[2025-09-26T13:16:27.782+0000] {docker.py:438} INFO - 🔍 [DEBUG] _get_restart_count() called for pod=compose-post-service-5458cb945b-2zz2s, ns=default, container=compose-post-service
[2025-09-26T13:17:13.107+0000] {docker.py:438} INFO - [DEBUG] Found 1 container_status entries
[2025-09-26T13:17:13.107+0000] {docker.py:438} INFO -    [DEBUG] container: compose-post-service, restart_count: 2
[2025-09-26T13:17:13.107+0000] {docker.py:438} INFO -    ✅ [DEBUG] Matched container compose-post-service, restart_count=2
[2025-09-26T13:17:13.107+0000] {docker.py:438} INFO - ✅ [DEBUG] Restart recorded for compose-post-service-5458cb945b-2zz2s: 1 -> 2
[2025-09-26T13:17:13.107+0000] {docker.py:438} INFO - 
[2025-09-26T13:17:13.108+0000] {docker.py:438} INFO - 🏁 [DEBUG] restart_containers() finished. Processed 1 pods
[2025-09-26T13:17:13.108+0000] {docker.py:438} INFO -    [DEBUG] restart_containers returned 1 entries
[2025-09-26T13:17:13.108+0000] {docker.py:438} INFO - ✅ [DEBUG] Successfully restarted this cycle: 1
[2025-09-26T13:17:13.108+0000] {docker.py:438} INFO -    📦 [DEBUG] compose-post-service-5458cb945b-2zz2s: restart_verified
[2025-09-26T13:17:13.108+0000] {docker.py:438} INFO - ⏳ [DEBUG] Waiting 5 seconds until next cycle. Time remaining: 362s
[2025-09-26T13:17:13.108+0000] {docker.py:438} INFO - 
[2025-09-26T13:17:13.108+0000] {docker.py:438} INFO - ============================================================
[2025-09-26T13:17:13.109+0000] {docker.py:438} INFO - 🔄 [DEBUG] Container Restart Cycle #3 at 2025-09-26 13:16:33
[2025-09-26T13:17:13.109+0000] {docker.py:438} INFO - ============================================================
[2025-09-26T13:17:13.109+0000] {docker.py:438} INFO - 🔄 [DEBUG] Entered restart_containers()
[2025-09-26T13:17:13.109+0000] {docker.py:438} INFO -    Params => label_selector=app=compose-post-service, name_pattern=None, qty=2, rand=True, mode=fixed, ns=default, order=alphabetic, container_name=compose-post-service, restart_command=None
[2025-09-26T13:17:13.109+0000] {docker.py:438} INFO - 🔑 [DEBUG] Kubernetes API client created
[2025-09-26T13:17:13.109+0000] {docker.py:438} INFO - 🔍 [DEBUG] Selecting pods now...
[2025-09-26T13:17:13.109+0000] {docker.py:438} INFO - 🔍 [DEBUG] Entered _select_pods()
[2025-09-26T13:17:13.110+0000] {docker.py:438} INFO -    Params => label_selector=app=compose-post-service, name_pattern=None, all=False, rand=True, mode=fixed, qty=2, ns=default, order=alphabetic
[2025-09-26T13:17:13.110+0000] {docker.py:438} INFO -    [DEBUG] Listing pods with label_selector=app=compose-post-service
[2025-09-26T13:17:13.110+0000] {docker.py:438} INFO - 📋 [DEBUG] Found 1 pods initially
[2025-09-26T13:17:13.110+0000] {docker.py:438} INFO - 🎲 [DEBUG] Random selection chosen: 1 pods
[2025-09-26T13:17:13.110+0000] {docker.py:438} INFO - ✅ [DEBUG] Selected pods: ['compose-post-service-5458cb945b-2zz2s']
[2025-09-26T13:17:13.110+0000] {docker.py:438} INFO - 📋 [DEBUG] Pods selected: 1
[2025-09-26T13:17:13.110+0000] {docker.py:438} INFO - 
[2025-09-26T13:17:13.110+0000] {docker.py:438} INFO - 🎯 [DEBUG] Processing pod: compose-post-service-5458cb945b-2zz2s
[2025-09-26T13:17:13.111+0000] {docker.py:438} INFO - 📦 [DEBUG] Using provided container: compose-post-service
[2025-09-26T13:17:13.111+0000] {docker.py:438} INFO - 🔍 [DEBUG] _get_restart_count() called for pod=compose-post-service-5458cb945b-2zz2s, ns=default, container=compose-post-service
[2025-09-26T13:17:13.111+0000] {docker.py:438} INFO -    [DEBUG] Found 1 container_status entries
[2025-09-26T13:17:13.111+0000] {docker.py:438} INFO -    [DEBUG] container: compose-post-service, restart_count: 2
[2025-09-26T13:17:13.111+0000] {docker.py:438} INFO -    ✅ [DEBUG] Matched container compose-post-service, restart_count=2
[2025-09-26T13:17:13.111+0000] {docker.py:438} INFO - 📊 [DEBUG] Restart count before action: 2
[2025-09-26T13:17:13.111+0000] {docker.py:438} INFO - 🔧 [DEBUG] Restart strategies to try: [['sh', '-c', 'kill -INT 1'], ['sh', '-c', 'kill -2 1'], ['sh', '-c', 'kill -TERM 1'], ['sh', '-c', 'kill -9 1']]
[2025-09-26T13:17:13.111+0000] {docker.py:438} INFO - ➡️ [DEBUG] Trying restart strategy #1: sh -c kill -INT 1
[2025-09-26T13:17:13.112+0000] {docker.py:438} INFO -    [DEBUG] Exec stream opened successfully, running command...
[2025-09-26T13:17:13.112+0000] {docker.py:438} INFO -    [DEBUG] run_forever returned/finished
[2025-09-26T13:17:13.112+0000] {docker.py:438} INFO -    📤 [DEBUG] STDOUT (truncated): 
[2025-09-26T13:17:13.112+0000] {docker.py:438} INFO -    📤 [DEBUG] STDERR (truncated): 
[2025-09-26T13:17:13.112+0000] {docker.py:438} INFO -    📤 [DEBUG] CTRL_ERR: {"metadata":{},"status":"Success"}
[2025-09-26T13:17:13.112+0000] {docker.py:438} INFO -    ⏳ [DEBUG] Waiting up to 60s for restart count to increment...
[2025-09-26T13:17:13.112+0000] {docker.py:438} INFO - 🔍 [DEBUG] _get_restart_count() called for pod=compose-post-service-5458cb945b-2zz2s, ns=default, container=compose-post-service
[2025-09-26T13:17:13.113+0000] {docker.py:438} INFO -    [DEBUG] Found 1 container_status entries
[2025-09-26T13:17:13.113+0000] {docker.py:438} INFO -    [DEBUG] container: compose-post-service, restart_count: 2
[2025-09-26T13:17:13.113+0000] {docker.py:438} INFO -    ✅ [DEBUG] Matched container compose-post-service, restart_count=2
[2025-09-26T13:17:13.113+0000] {docker.py:438} INFO -    [DEBUG] Polled restart count: 2 (before was 2)
[2025-09-26T13:17:13.113+0000] {docker.py:438} INFO - 🔍 [DEBUG] _get_restart_count() called for pod=compose-post-service-5458cb945b-2zz2s, ns=default, container=compose-post-service
[2025-09-26T13:17:13.113+0000] {docker.py:438} INFO -    [DEBUG] Found 1 container_status entries
[2025-09-26T13:17:13.113+0000] {docker.py:438} INFO -    [DEBUG] container: compose-post-service, restart_count: 2
[2025-09-26T13:17:13.113+0000] {docker.py:438} INFO -    ✅ [DEBUG] Matched container compose-post-service, restart_count=2
[2025-09-26T13:17:13.114+0000] {docker.py:438} INFO -    [DEBUG] Polled restart count: 2 (before was 2)
[2025-09-26T13:17:13.114+0000] {docker.py:438} INFO - 🔍 [DEBUG] _get_restart_count() called for pod=compose-post-service-5458cb945b-2zz2s, ns=default, container=compose-post-service
[2025-09-26T13:17:13.114+0000] {docker.py:438} INFO -    [DEBUG] Found 1 container_status entries
[2025-09-26T13:17:13.114+0000] {docker.py:438} INFO -    [DEBUG] container: compose-post-service, restart_count: 2
[2025-09-26T13:17:13.114+0000] {docker.py:438} INFO -    ✅ [DEBUG] Matched container compose-post-service, restart_count=2
[2025-09-26T13:17:13.114+0000] {docker.py:438} INFO -    [DEBUG] Polled restart count: 2 (before was 2)
[2025-09-26T13:17:13.115+0000] {docker.py:438} INFO - 🔍 [DEBUG] _get_restart_count() called for pod=compose-post-service-5458cb945b-2zz2s, ns=default, container=compose-post-service
[2025-09-26T13:17:13.115+0000] {docker.py:438} INFO -    [DEBUG] Found 1 container_status entries
[2025-09-26T13:17:13.115+0000] {docker.py:438} INFO -    [DEBUG] container: compose-post-service, restart_count: 2
[2025-09-26T13:17:13.115+0000] {docker.py:438} INFO -    ✅ [DEBUG] Matched container compose-post-service, restart_count=2
[2025-09-26T13:17:13.115+0000] {docker.py:438} INFO -    [DEBUG] Polled restart count: 2 (before was 2)
[2025-09-26T13:17:13.115+0000] {docker.py:438} INFO - 🔍 [DEBUG] _get_restart_count() called for pod=compose-post-service-5458cb945b-2zz2s, ns=default, container=compose-post-service
[2025-09-26T13:17:13.115+0000] {docker.py:438} INFO -    [DEBUG] Found 1 container_status entries
[2025-09-26T13:17:13.116+0000] {docker.py:438} INFO -    [DEBUG] container: compose-post-service, restart_count: 2
[2025-09-26T13:17:13.116+0000] {docker.py:438} INFO -    ✅ [DEBUG] Matched container compose-post-service, restart_count=2
[2025-09-26T13:17:13.116+0000] {docker.py:438} INFO -    [DEBUG] Polled restart count: 2 (before was 2)
[2025-09-26T13:17:13.117+0000] {docker.py:438} INFO - 🔍 [DEBUG] _get_restart_count() called for pod=compose-post-service-5458cb945b-2zz2s, ns=default, container=compose-post-service
[2025-09-26T13:17:13.117+0000] {docker.py:438} INFO -    [DEBUG] Found 1 container_status entries
[2025-09-26T13:17:13.118+0000] {docker.py:438} INFO -    [DEBUG] container: compose-post-service, restart_count: 2
[2025-09-26T13:17:13.118+0000] {docker.py:438} INFO -    ✅ [DEBUG] Matched container compose-post-service, restart_count=2
[2025-09-26T13:17:13.118+0000] {docker.py:438} INFO -    [DEBUG] Polled restart count: 2 (before was 2)
[2025-09-26T13:17:13.119+0000] {docker.py:438} INFO - 🔍 [DEBUG] _get_restart_count() called for pod=compose-post-service-5458cb945b-2zz2s, ns=default, container=compose-post-service
[2025-09-26T13:17:13.119+0000] {docker.py:438} INFO -    [DEBUG] Found 1 container_status entries
[2025-09-26T13:17:13.119+0000] {docker.py:438} INFO -    [DEBUG] container: compose-post-service, restart_count: 2
[2025-09-26T13:17:13.119+0000] {docker.py:438} INFO -    ✅ [DEBUG] Matched container compose-post-service, restart_count=2
[2025-09-26T13:17:13.120+0000] {docker.py:438} INFO -    [DEBUG] Polled restart count: 2 (before was 2)
[2025-09-26T13:17:13.120+0000] {docker.py:438} INFO - 🔍 [DEBUG] _get_restart_count() called for pod=compose-post-service-5458cb945b-2zz2s, ns=default, container=compose-post-service
[2025-09-26T13:17:13.120+0000] {docker.py:438} INFO -    [DEBUG] Found 1 container_status entries
[2025-09-26T13:17:13.120+0000] {docker.py:438} INFO -    [DEBUG] container: compose-post-service, restart_count: 2
[2025-09-26T13:17:13.120+0000] {docker.py:438} INFO -    ✅ [DEBUG] Matched container compose-post-service, restart_count=2
[2025-09-26T13:17:13.120+0000] {docker.py:438} INFO -    [DEBUG] Polled restart count: 2 (before was 2)
[2025-09-26T13:17:13.121+0000] {docker.py:438} INFO - 🔍 [DEBUG] _get_restart_count() called for pod=compose-post-service-5458cb945b-2zz2s, ns=default, container=compose-post-service
[2025-09-26T13:17:13.121+0000] {docker.py:438} INFO -    [DEBUG] Found 1 container_status entries
[2025-09-26T13:17:13.121+0000] {docker.py:438} INFO -    [DEBUG] container: compose-post-service, restart_count: 2
[2025-09-26T13:17:13.121+0000] {docker.py:438} INFO -    ✅ [DEBUG] Matched container compose-post-service, restart_count=2
[2025-09-26T13:17:13.121+0000] {docker.py:438} INFO -    [DEBUG] Polled restart count: 2 (before was 2)
[2025-09-26T13:17:13.121+0000] {docker.py:438} INFO - 🔍 [DEBUG] _get_restart_count() called for pod=compose-post-service-5458cb945b-2zz2s, ns=default, container=compose-post-service
[2025-09-26T13:17:13.122+0000] {docker.py:438} INFO -    [DEBUG] Found 1 container_status entries
[2025-09-26T13:17:13.122+0000] {docker.py:438} INFO -    [DEBUG] container: compose-post-service, restart_count: 2
[2025-09-26T13:17:13.122+0000] {docker.py:438} INFO -    ✅ [DEBUG] Matched container compose-post-service, restart_count=2
[2025-09-26T13:17:13.122+0000] {docker.py:438} INFO -    [DEBUG] Polled restart count: 2 (before was 2)
[2025-09-26T13:17:13.122+0000] {docker.py:438} INFO - 🔍 [DEBUG] _get_restart_count() called for pod=compose-post-service-5458cb945b-2zz2s, ns=default, container=compose-post-service
[2025-09-26T13:17:13.122+0000] {docker.py:438} INFO -    [DEBUG] Found 1 container_status entries
[2025-09-26T13:17:13.123+0000] {docker.py:438} INFO -    [DEBUG] container: compose-post-service, restart_count: 2
[2025-09-26T13:17:13.123+0000] {docker.py:438} INFO -    ✅ [DEBUG] Matched container compose-post-service, restart_count=2
[2025-09-26T13:17:13.123+0000] {docker.py:438} INFO -    [DEBUG] Polled restart count: 2 (before was 2)
[2025-09-26T13:17:13.123+0000] {docker.py:438} INFO - 🔍 [DEBUG] _get_restart_count() called for pod=compose-post-service-5458cb945b-2zz2s, ns=default, container=compose-post-service
[2025-09-26T13:17:13.123+0000] {docker.py:438} INFO -    [DEBUG] Found 1 container_status entries
[2025-09-26T13:17:13.123+0000] {docker.py:438} INFO -    [DEBUG] container: compose-post-service, restart_count: 2
[2025-09-26T13:17:13.123+0000] {docker.py:438} INFO -    ✅ [DEBUG] Matched container compose-post-service, restart_count=2
[2025-09-26T13:17:13.124+0000] {docker.py:438} INFO -    [DEBUG] Polled restart count: 2 (before was 2)
[2025-09-26T13:17:13.124+0000] {docker.py:438} INFO - 🔍 [DEBUG] _get_restart_count() called for pod=compose-post-service-5458cb945b-2zz2s, ns=default, container=compose-post-service
[2025-09-26T13:17:13.124+0000] {docker.py:438} INFO -    [DEBUG] Found 1 container_status entries
[2025-09-26T13:17:13.124+0000] {docker.py:438} INFO -    [DEBUG] container: compose-post-service, restart_count: 3
[2025-09-26T13:17:13.124+0000] {docker.py:438} INFO -    ✅ [DEBUG] Matched container compose-post-service, restart_count=3
[2025-09-26T13:17:13.124+0000] {docker.py:438} INFO -    [DEBUG] Polled restart count: 3 (before was 2)
[2025-09-26T13:17:13.124+0000] {docker.py:438} INFO -    ✅ [DEBUG] Restart observed: 2 -> 3
[2025-09-26T13:17:13.125+0000] {docker.py:438} INFO -    🎉 [DEBUG] Restart verified, breaking out of strategies loop
[2025-09-26T13:17:13.125+0000] {docker.py:438} INFO - 🔍 [DEBUG] _get_restart_count() called for pod=compose-post-service-5458cb945b-2zz2s, ns=default, container=compose-post-service
[2025-09-26T13:17:13.125+0000] {docker.py:438} INFO -    [DEBUG] Found 1 container_status entries
[2025-09-26T13:17:13.125+0000] {docker.py:438} INFO -    [DEBUG] container: compose-post-service, restart_count: 3
[2025-09-26T13:17:13.125+0000] {docker.py:438} INFO -    ✅ [DEBUG] Matched container compose-post-service, restart_count=3
[2025-09-26T13:17:13.125+0000] {docker.py:438} INFO - ✅ [DEBUG] Restart recorded for compose-post-service-5458cb945b-2zz2s: 2 -> 3
[2025-09-26T13:17:13.125+0000] {docker.py:438} INFO - 
[2025-09-26T13:17:13.125+0000] {docker.py:438} INFO - 🏁 [DEBUG] restart_containers() finished. Processed 1 pods
[2025-09-26T13:17:13.126+0000] {docker.py:438} INFO -    [DEBUG] restart_containers returned 1 entries
[2025-09-26T13:17:13.126+0000] {docker.py:438} INFO - ✅ [DEBUG] Successfully restarted this cycle: 1
[2025-09-26T13:17:13.126+0000] {docker.py:438} INFO -    📦 [DEBUG] compose-post-service-5458cb945b-2zz2s: restart_verified
[2025-09-26T13:17:13.126+0000] {docker.py:438} INFO - ⏳ [DEBUG] Waiting 5 seconds until next cycle. Time remaining: 322s
[2025-09-26T13:17:13.126+0000] {docker.py:438} INFO - 
[2025-09-26T13:17:13.126+0000] {docker.py:438} INFO - ============================================================
[2025-09-26T13:17:13.126+0000] {docker.py:438} INFO - 🔄 [DEBUG] Container Restart Cycle #4 at 2025-09-26 13:17:13
[2025-09-26T13:17:13.126+0000] {docker.py:438} INFO - ============================================================
[2025-09-26T13:17:13.127+0000] {docker.py:438} INFO - 🔄 [DEBUG] Entered restart_containers()
[2025-09-26T13:17:13.127+0000] {docker.py:438} INFO -    Params => label_selector=app=compose-post-service, name_pattern=None, qty=2, rand=True, mode=fixed, ns=default, order=alphabetic, container_name=compose-post-service, restart_command=None
[2025-09-26T13:18:01.709+0000] {docker.py:438} INFO - 🔑 [DEBUG] Kubernetes API client created
[2025-09-26T13:18:01.709+0000] {docker.py:438} INFO - 🔍 [DEBUG] Selecting pods now...
[2025-09-26T13:18:01.709+0000] {docker.py:438} INFO - 🔍 [DEBUG] Entered _select_pods()
[2025-09-26T13:18:01.710+0000] {docker.py:438} INFO -    Params => label_selector=app=compose-post-service, name_pattern=None, all=False, rand=True, mode=fixed, qty=2, ns=default, order=alphabetic
[2025-09-26T13:18:01.710+0000] {docker.py:438} INFO -    [DEBUG] Listing pods with label_selector=app=compose-post-service
[2025-09-26T13:18:01.710+0000] {docker.py:438} INFO - 📋 [DEBUG] Found 1 pods initially
[2025-09-26T13:18:01.710+0000] {docker.py:438} INFO - 🎲 [DEBUG] Random selection chosen: 1 pods
[2025-09-26T13:18:01.710+0000] {docker.py:438} INFO - ✅ [DEBUG] Selected pods: ['compose-post-service-5458cb945b-2zz2s']
[2025-09-26T13:18:01.710+0000] {docker.py:438} INFO - 📋 [DEBUG] Pods selected: 1
[2025-09-26T13:18:01.711+0000] {docker.py:438} INFO - 
[2025-09-26T13:18:01.711+0000] {docker.py:438} INFO - 🎯 [DEBUG] Processing pod: compose-post-service-5458cb945b-2zz2s
[2025-09-26T13:18:01.711+0000] {docker.py:438} INFO - 📦 [DEBUG] Using provided container: compose-post-service
[2025-09-26T13:18:01.711+0000] {docker.py:438} INFO - 🔍 [DEBUG] _get_restart_count() called for pod=compose-post-service-5458cb945b-2zz2s, ns=default, container=compose-post-service
[2025-09-26T13:18:01.711+0000] {docker.py:438} INFO -    [DEBUG] Found 1 container_status entries
[2025-09-26T13:18:01.711+0000] {docker.py:438} INFO -    [DEBUG] container: compose-post-service, restart_count: 3
[2025-09-26T13:18:01.711+0000] {docker.py:438} INFO -    ✅ [DEBUG] Matched container compose-post-service, restart_count=3
[2025-09-26T13:18:01.712+0000] {docker.py:438} INFO - 📊 [DEBUG] Restart count before action: 3
[2025-09-26T13:18:01.712+0000] {docker.py:438} INFO - 🔧 [DEBUG] Restart strategies to try: [['sh', '-c', 'kill -INT 1'], ['sh', '-c', 'kill -2 1'], ['sh', '-c', 'kill -TERM 1'], ['sh', '-c', 'kill -9 1']]
[2025-09-26T13:18:01.712+0000] {docker.py:438} INFO - ➡️ [DEBUG] Trying restart strategy #1: sh -c kill -INT 1
[2025-09-26T13:18:01.712+0000] {docker.py:438} INFO -    [DEBUG] Exec stream opened successfully, running command...
[2025-09-26T13:18:01.712+0000] {docker.py:438} INFO -    [DEBUG] run_forever returned/finished
[2025-09-26T13:18:01.712+0000] {docker.py:438} INFO -    📤 [DEBUG] STDOUT (truncated): 
[2025-09-26T13:18:01.713+0000] {docker.py:438} INFO -    📤 [DEBUG] STDERR (truncated): 
[2025-09-26T13:18:01.713+0000] {docker.py:438} INFO -    📤 [DEBUG] CTRL_ERR: {"metadata":{},"status":"Success"}
[2025-09-26T13:18:01.713+0000] {docker.py:438} INFO -    ⏳ [DEBUG] Waiting up to 60s for restart count to increment...
[2025-09-26T13:18:01.713+0000] {docker.py:438} INFO - 🔍 [DEBUG] _get_restart_count() called for pod=compose-post-service-5458cb945b-2zz2s, ns=default, container=compose-post-service
[2025-09-26T13:18:01.713+0000] {docker.py:438} INFO -    [DEBUG] Found 1 container_status entries
[2025-09-26T13:18:01.713+0000] {docker.py:438} INFO -    [DEBUG] container: compose-post-service, restart_count: 3
[2025-09-26T13:18:01.714+0000] {docker.py:438} INFO -    ✅ [DEBUG] Matched container compose-post-service, restart_count=3
[2025-09-26T13:18:01.714+0000] {docker.py:438} INFO -    [DEBUG] Polled restart count: 3 (before was 3)
[2025-09-26T13:18:01.714+0000] {docker.py:438} INFO - 🔍 [DEBUG] _get_restart_count() called for pod=compose-post-service-5458cb945b-2zz2s, ns=default, container=compose-post-service
[2025-09-26T13:18:01.714+0000] {docker.py:438} INFO -    [DEBUG] Found 1 container_status entries
[2025-09-26T13:18:01.714+0000] {docker.py:438} INFO -    [DEBUG] container: compose-post-service, restart_count: 3
[2025-09-26T13:18:01.714+0000] {docker.py:438} INFO -    ✅ [DEBUG] Matched container compose-post-service, restart_count=3
[2025-09-26T13:18:01.715+0000] {docker.py:438} INFO -    [DEBUG] Polled restart count: 3 (before was 3)
[2025-09-26T13:18:01.715+0000] {docker.py:438} INFO - 🔍 [DEBUG] _get_restart_count() called for pod=compose-post-service-5458cb945b-2zz2s, ns=default, container=compose-post-service
[2025-09-26T13:18:01.715+0000] {docker.py:438} INFO -    [DEBUG] Found 1 container_status entries
[2025-09-26T13:18:01.715+0000] {docker.py:438} INFO -    [DEBUG] container: compose-post-service, restart_count: 3
[2025-09-26T13:18:01.715+0000] {docker.py:438} INFO -    ✅ [DEBUG] Matched container compose-post-service, restart_count=3
[2025-09-26T13:18:01.715+0000] {docker.py:438} INFO -    [DEBUG] Polled restart count: 3 (before was 3)
[2025-09-26T13:18:01.715+0000] {docker.py:438} INFO - 🔍 [DEBUG] _get_restart_count() called for pod=compose-post-service-5458cb945b-2zz2s, ns=default, container=compose-post-service
[2025-09-26T13:18:01.716+0000] {docker.py:438} INFO -    [DEBUG] Found 1 container_status entries
[2025-09-26T13:18:01.716+0000] {docker.py:438} INFO -    [DEBUG] container: compose-post-service, restart_count: 3
[2025-09-26T13:18:01.716+0000] {docker.py:438} INFO -    ✅ [DEBUG] Matched container compose-post-service, restart_count=3
[2025-09-26T13:18:01.716+0000] {docker.py:438} INFO -    [DEBUG] Polled restart count: 3 (before was 3)
[2025-09-26T13:18:01.716+0000] {docker.py:438} INFO - 🔍 [DEBUG] _get_restart_count() called for pod=compose-post-service-5458cb945b-2zz2s, ns=default, container=compose-post-service
[2025-09-26T13:18:01.716+0000] {docker.py:438} INFO -    [DEBUG] Found 1 container_status entries
[2025-09-26T13:18:01.717+0000] {docker.py:438} INFO -    [DEBUG] container: compose-post-service, restart_count: 3
[2025-09-26T13:18:01.717+0000] {docker.py:438} INFO -    ✅ [DEBUG] Matched container compose-post-service, restart_count=3
[2025-09-26T13:18:01.717+0000] {docker.py:438} INFO -    [DEBUG] Polled restart count: 3 (before was 3)
[2025-09-26T13:18:01.717+0000] {docker.py:438} INFO - 🔍 [DEBUG] _get_restart_count() called for pod=compose-post-service-5458cb945b-2zz2s, ns=default, container=compose-post-service
[2025-09-26T13:18:01.717+0000] {docker.py:438} INFO -    [DEBUG] Found 1 container_status entries
[2025-09-26T13:18:01.717+0000] {docker.py:438} INFO -    [DEBUG] container: compose-post-service, restart_count: 3
[2025-09-26T13:18:01.717+0000] {docker.py:438} INFO -    ✅ [DEBUG] Matched container compose-post-service, restart_count=3
[2025-09-26T13:18:01.717+0000] {docker.py:438} INFO -    [DEBUG] Polled restart count: 3 (before was 3)
[2025-09-26T13:18:01.718+0000] {docker.py:438} INFO - 🔍 [DEBUG] _get_restart_count() called for pod=compose-post-service-5458cb945b-2zz2s, ns=default, container=compose-post-service
[2025-09-26T13:18:01.718+0000] {docker.py:438} INFO -    [DEBUG] Found 1 container_status entries
[2025-09-26T13:18:01.718+0000] {docker.py:438} INFO -    [DEBUG] container: compose-post-service, restart_count: 3
[2025-09-26T13:18:01.718+0000] {docker.py:438} INFO -    ✅ [DEBUG] Matched container compose-post-service, restart_count=3
[2025-09-26T13:18:01.718+0000] {docker.py:438} INFO -    [DEBUG] Polled restart count: 3 (before was 3)
[2025-09-26T13:18:01.718+0000] {docker.py:438} INFO - 🔍 [DEBUG] _get_restart_count() called for pod=compose-post-service-5458cb945b-2zz2s, ns=default, container=compose-post-service
[2025-09-26T13:18:01.718+0000] {docker.py:438} INFO -    [DEBUG] Found 1 container_status entries
[2025-09-26T13:18:01.718+0000] {docker.py:438} INFO -    [DEBUG] container: compose-post-service, restart_count: 3
[2025-09-26T13:18:01.719+0000] {docker.py:438} INFO -    ✅ [DEBUG] Matched container compose-post-service, restart_count=3
[2025-09-26T13:18:01.719+0000] {docker.py:438} INFO -    [DEBUG] Polled restart count: 3 (before was 3)
[2025-09-26T13:18:01.719+0000] {docker.py:438} INFO - 🔍 [DEBUG] _get_restart_count() called for pod=compose-post-service-5458cb945b-2zz2s, ns=default, container=compose-post-service
[2025-09-26T13:18:01.719+0000] {docker.py:438} INFO -    [DEBUG] Found 1 container_status entries
[2025-09-26T13:18:01.719+0000] {docker.py:438} INFO -    [DEBUG] container: compose-post-service, restart_count: 3
[2025-09-26T13:18:01.719+0000] {docker.py:438} INFO -    ✅ [DEBUG] Matched container compose-post-service, restart_count=3
[2025-09-26T13:18:01.719+0000] {docker.py:438} INFO -    [DEBUG] Polled restart count: 3 (before was 3)
[2025-09-26T13:18:01.720+0000] {docker.py:438} INFO - 🔍 [DEBUG] _get_restart_count() called for pod=compose-post-service-5458cb945b-2zz2s, ns=default, container=compose-post-service
[2025-09-26T13:18:01.720+0000] {docker.py:438} INFO -    [DEBUG] Found 1 container_status entries
[2025-09-26T13:18:01.720+0000] {docker.py:438} INFO -    [DEBUG] container: compose-post-service, restart_count: 3
[2025-09-26T13:18:01.720+0000] {docker.py:438} INFO -    ✅ [DEBUG] Matched container compose-post-service, restart_count=3
[2025-09-26T13:18:01.720+0000] {docker.py:438} INFO -    [DEBUG] Polled restart count: 3 (before was 3)
[2025-09-26T13:18:01.720+0000] {docker.py:438} INFO - 🔍 [DEBUG] _get_restart_count() called for pod=compose-post-service-5458cb945b-2zz2s, ns=default, container=compose-post-service
[2025-09-26T13:18:01.720+0000] {docker.py:438} INFO -    [DEBUG] Found 1 container_status entries
[2025-09-26T13:18:01.721+0000] {docker.py:438} INFO -    [DEBUG] container: compose-post-service, restart_count: 3
[2025-09-26T13:18:01.721+0000] {docker.py:438} INFO -    ✅ [DEBUG] Matched container compose-post-service, restart_count=3
[2025-09-26T13:18:01.721+0000] {docker.py:438} INFO -    [DEBUG] Polled restart count: 3 (before was 3)
[2025-09-26T13:18:01.721+0000] {docker.py:438} INFO - 🔍 [DEBUG] _get_restart_count() called for pod=compose-post-service-5458cb945b-2zz2s, ns=default, container=compose-post-service
[2025-09-26T13:18:01.721+0000] {docker.py:438} INFO -    [DEBUG] Found 1 container_status entries
[2025-09-26T13:18:01.721+0000] {docker.py:438} INFO -    [DEBUG] container: compose-post-service, restart_count: 3
[2025-09-26T13:18:01.721+0000] {docker.py:438} INFO -    ✅ [DEBUG] Matched container compose-post-service, restart_count=3
[2025-09-26T13:18:01.722+0000] {docker.py:438} INFO -    [DEBUG] Polled restart count: 3 (before was 3)
[2025-09-26T13:18:01.722+0000] {docker.py:438} INFO - 🔍 [DEBUG] _get_restart_count() called for pod=compose-post-service-5458cb945b-2zz2s, ns=default, container=compose-post-service
[2025-09-26T13:18:01.722+0000] {docker.py:438} INFO -    [DEBUG] Found 1 container_status entries
[2025-09-26T13:18:01.722+0000] {docker.py:438} INFO -    [DEBUG] container: compose-post-service, restart_count: 3
[2025-09-26T13:18:01.723+0000] {docker.py:438} INFO -    ✅ [DEBUG] Matched container compose-post-service, restart_count=3
[2025-09-26T13:18:01.723+0000] {docker.py:438} INFO -    [DEBUG] Polled restart count: 3 (before was 3)
[2025-09-26T13:18:01.723+0000] {docker.py:438} INFO - 🔍 [DEBUG] _get_restart_count() called for pod=compose-post-service-5458cb945b-2zz2s, ns=default, container=compose-post-service
[2025-09-26T13:18:01.723+0000] {docker.py:438} INFO -    [DEBUG] Found 1 container_status entries
[2025-09-26T13:18:01.723+0000] {docker.py:438} INFO -    [DEBUG] container: compose-post-service, restart_count: 3
[2025-09-26T13:18:01.723+0000] {docker.py:438} INFO -    ✅ [DEBUG] Matched container compose-post-service, restart_count=3
[2025-09-26T13:18:01.724+0000] {docker.py:438} INFO -    [DEBUG] Polled restart count: 3 (before was 3)
[2025-09-26T13:18:01.724+0000] {docker.py:438} INFO - 🔍 [DEBUG] _get_restart_count() called for pod=compose-post-service-5458cb945b-2zz2s, ns=default, container=compose-post-service
[2025-09-26T13:18:01.724+0000] {docker.py:438} INFO -    [DEBUG] Found 1 container_status entries
[2025-09-26T13:18:01.724+0000] {docker.py:438} INFO -    [DEBUG] container: compose-post-service, restart_count: 3
[2025-09-26T13:18:01.725+0000] {docker.py:438} INFO -    ✅ [DEBUG] Matched container compose-post-service, restart_count=3
[2025-09-26T13:18:01.725+0000] {docker.py:438} INFO -    [DEBUG] Polled restart count: 3 (before was 3)
[2025-09-26T13:18:01.725+0000] {docker.py:438} INFO - 🔍 [DEBUG] _get_restart_count() called for pod=compose-post-service-5458cb945b-2zz2s, ns=default, container=compose-post-service
[2025-09-26T13:18:01.725+0000] {docker.py:438} INFO -    [DEBUG] Found 1 container_status entries
[2025-09-26T13:18:01.725+0000] {docker.py:438} INFO -    [DEBUG] container: compose-post-service, restart_count: 3
[2025-09-26T13:18:01.725+0000] {docker.py:438} INFO -    ✅ [DEBUG] Matched container compose-post-service, restart_count=3
[2025-09-26T13:18:01.725+0000] {docker.py:438} INFO -    [DEBUG] Polled restart count: 3 (before was 3)
[2025-09-26T13:18:01.725+0000] {docker.py:438} INFO - 🔍 [DEBUG] _get_restart_count() called for pod=compose-post-service-5458cb945b-2zz2s, ns=default, container=compose-post-service
[2025-09-26T13:18:01.726+0000] {docker.py:438} INFO -    [DEBUG] Found 1 container_status entries
[2025-09-26T13:18:01.726+0000] {docker.py:438} INFO -    [DEBUG] container: compose-post-service, restart_count: 3
[2025-09-26T13:18:01.726+0000] {docker.py:438} INFO -    ✅ [DEBUG] Matched container compose-post-service, restart_count=3
[2025-09-26T13:18:01.726+0000] {docker.py:438} INFO -    [DEBUG] Polled restart count: 3 (before was 3)
[2025-09-26T13:18:01.726+0000] {docker.py:438} INFO - 🔍 [DEBUG] _get_restart_count() called for pod=compose-post-service-5458cb945b-2zz2s, ns=default, container=compose-post-service
[2025-09-26T13:18:01.726+0000] {docker.py:438} INFO -    [DEBUG] Found 1 container_status entries
[2025-09-26T13:18:01.726+0000] {docker.py:438} INFO -    [DEBUG] container: compose-post-service, restart_count: 3
[2025-09-26T13:18:01.726+0000] {docker.py:438} INFO -    ✅ [DEBUG] Matched container compose-post-service, restart_count=3
[2025-09-26T13:18:01.727+0000] {docker.py:438} INFO -    [DEBUG] Polled restart count: 3 (before was 3)
[2025-09-26T13:18:01.727+0000] {docker.py:438} INFO - 🔍 [DEBUG] _get_restart_count() called for pod=compose-post-service-5458cb945b-2zz2s, ns=default, container=compose-post-service
[2025-09-26T13:18:01.727+0000] {docker.py:438} INFO -    [DEBUG] Found 1 container_status entries
[2025-09-26T13:18:01.727+0000] {docker.py:438} INFO -    [DEBUG] container: compose-post-service, restart_count: 3
[2025-09-26T13:18:01.727+0000] {docker.py:438} INFO -    ✅ [DEBUG] Matched container compose-post-service, restart_count=3
[2025-09-26T13:18:48.082+0000] {docker.py:438} INFO - [DEBUG] Polled restart count: 3 (before was 3)
[2025-09-26T13:18:48.083+0000] {docker.py:438} INFO - 🔍 [DEBUG] _get_restart_count() called for pod=compose-post-service-5458cb945b-2zz2s, ns=default, container=compose-post-service
[2025-09-26T13:18:48.083+0000] {docker.py:438} INFO -    [DEBUG] Found 1 container_status entries
[2025-09-26T13:18:48.083+0000] {docker.py:438} INFO -    [DEBUG] container: compose-post-service, restart_count: 3
[2025-09-26T13:18:48.083+0000] {docker.py:438} INFO -    ✅ [DEBUG] Matched container compose-post-service, restart_count=3
[2025-09-26T13:18:48.084+0000] {docker.py:438} INFO -    [DEBUG] Polled restart count: 3 (before was 3)
[2025-09-26T13:18:48.084+0000] {docker.py:438} INFO - 🔍 [DEBUG] _get_restart_count() called for pod=compose-post-service-5458cb945b-2zz2s, ns=default, container=compose-post-service
[2025-09-26T13:18:48.084+0000] {docker.py:438} INFO -    [DEBUG] Found 1 container_status entries
[2025-09-26T13:18:48.084+0000] {docker.py:438} INFO -    [DEBUG] container: compose-post-service, restart_count: 3
[2025-09-26T13:18:48.085+0000] {docker.py:438} INFO -    ✅ [DEBUG] Matched container compose-post-service, restart_count=3
[2025-09-26T13:18:48.085+0000] {docker.py:438} INFO -    [DEBUG] Polled restart count: 3 (before was 3)
[2025-09-26T13:18:48.085+0000] {docker.py:438} INFO - 🔍 [DEBUG] _get_restart_count() called for pod=compose-post-service-5458cb945b-2zz2s, ns=default, container=compose-post-service
[2025-09-26T13:18:48.085+0000] {docker.py:438} INFO -    [DEBUG] Found 1 container_status entries
[2025-09-26T13:18:48.086+0000] {docker.py:438} INFO -    [DEBUG] container: compose-post-service, restart_count: 3
[2025-09-26T13:18:48.086+0000] {docker.py:438} INFO -    ✅ [DEBUG] Matched container compose-post-service, restart_count=3
[2025-09-26T13:18:48.086+0000] {docker.py:438} INFO -    [DEBUG] Polled restart count: 3 (before was 3)
[2025-09-26T13:18:48.086+0000] {docker.py:438} INFO - 🔍 [DEBUG] _get_restart_count() called for pod=compose-post-service-5458cb945b-2zz2s, ns=default, container=compose-post-service
[2025-09-26T13:18:48.086+0000] {docker.py:438} INFO -    [DEBUG] Found 1 container_status entries
[2025-09-26T13:18:48.087+0000] {docker.py:438} INFO -    [DEBUG] container: compose-post-service, restart_count: 4
[2025-09-26T13:18:48.087+0000] {docker.py:438} INFO -    ✅ [DEBUG] Matched container compose-post-service, restart_count=4
[2025-09-26T13:18:48.087+0000] {docker.py:438} INFO -    [DEBUG] Polled restart count: 4 (before was 3)
[2025-09-26T13:18:48.088+0000] {docker.py:438} INFO -    ✅ [DEBUG] Restart observed: 3 -> 4
[2025-09-26T13:18:48.089+0000] {docker.py:438} INFO -    🎉 [DEBUG] Restart verified, breaking out of strategies loop
[2025-09-26T13:18:48.089+0000] {docker.py:438} INFO - 🔍 [DEBUG] _get_restart_count() called for pod=compose-post-service-5458cb945b-2zz2s, ns=default, container=compose-post-service
[2025-09-26T13:18:48.089+0000] {docker.py:438} INFO -    [DEBUG] Found 1 container_status entries
[2025-09-26T13:18:48.090+0000] {docker.py:438} INFO -    [DEBUG] container: compose-post-service, restart_count: 4
[2025-09-26T13:18:48.090+0000] {docker.py:438} INFO -    ✅ [DEBUG] Matched container compose-post-service, restart_count=4
[2025-09-26T13:18:48.090+0000] {docker.py:438} INFO - ✅ [DEBUG] Restart recorded for compose-post-service-5458cb945b-2zz2s: 3 -> 4
[2025-09-26T13:18:48.090+0000] {docker.py:438} INFO - 
[2025-09-26T13:18:48.090+0000] {docker.py:438} INFO - 🏁 [DEBUG] restart_containers() finished. Processed 1 pods
[2025-09-26T13:18:48.091+0000] {docker.py:438} INFO -    [DEBUG] restart_containers returned 1 entries
[2025-09-26T13:18:48.091+0000] {docker.py:438} INFO - ✅ [DEBUG] Successfully restarted this cycle: 1
[2025-09-26T13:18:48.091+0000] {docker.py:438} INFO -    📦 [DEBUG] compose-post-service-5458cb945b-2zz2s: restart_verified
[2025-09-26T13:18:48.091+0000] {docker.py:438} INFO - ⏳ [DEBUG] Waiting 5 seconds until next cycle. Time remaining: 259s
[2025-09-26T13:18:48.091+0000] {docker.py:438} INFO - 
[2025-09-26T13:18:48.092+0000] {docker.py:438} INFO - ============================================================
[2025-09-26T13:18:48.092+0000] {docker.py:438} INFO - 🔄 [DEBUG] Container Restart Cycle #5 at 2025-09-26 13:18:16
[2025-09-26T13:18:48.092+0000] {docker.py:438} INFO - ============================================================
[2025-09-26T13:18:48.092+0000] {docker.py:438} INFO - 🔄 [DEBUG] Entered restart_containers()
[2025-09-26T13:18:48.092+0000] {docker.py:438} INFO -    Params => label_selector=app=compose-post-service, name_pattern=None, qty=2, rand=True, mode=fixed, ns=default, order=alphabetic, container_name=compose-post-service, restart_command=None
[2025-09-26T13:18:48.092+0000] {docker.py:438} INFO - 🔑 [DEBUG] Kubernetes API client created
[2025-09-26T13:18:48.093+0000] {docker.py:438} INFO - 🔍 [DEBUG] Selecting pods now...
[2025-09-26T13:18:48.093+0000] {docker.py:438} INFO - 🔍 [DEBUG] Entered _select_pods()
[2025-09-26T13:18:48.093+0000] {docker.py:438} INFO -    Params => label_selector=app=compose-post-service, name_pattern=None, all=False, rand=True, mode=fixed, qty=2, ns=default, order=alphabetic
[2025-09-26T13:18:48.093+0000] {docker.py:438} INFO -    [DEBUG] Listing pods with label_selector=app=compose-post-service
[2025-09-26T13:18:48.093+0000] {docker.py:438} INFO - 📋 [DEBUG] Found 1 pods initially
[2025-09-26T13:18:48.094+0000] {docker.py:438} INFO - 🎲 [DEBUG] Random selection chosen: 1 pods
[2025-09-26T13:18:48.094+0000] {docker.py:438} INFO - ✅ [DEBUG] Selected pods: ['compose-post-service-5458cb945b-2zz2s']
[2025-09-26T13:18:48.094+0000] {docker.py:438} INFO - 📋 [DEBUG] Pods selected: 1
[2025-09-26T13:18:48.094+0000] {docker.py:438} INFO - 
[2025-09-26T13:18:48.094+0000] {docker.py:438} INFO - 🎯 [DEBUG] Processing pod: compose-post-service-5458cb945b-2zz2s
[2025-09-26T13:18:48.095+0000] {docker.py:438} INFO - 📦 [DEBUG] Using provided container: compose-post-service
[2025-09-26T13:18:48.095+0000] {docker.py:438} INFO - 🔍 [DEBUG] _get_restart_count() called for pod=compose-post-service-5458cb945b-2zz2s, ns=default, container=compose-post-service
[2025-09-26T13:18:48.096+0000] {docker.py:438} INFO -    [DEBUG] Found 1 container_status entries
[2025-09-26T13:18:48.096+0000] {docker.py:438} INFO -    [DEBUG] container: compose-post-service, restart_count: 4
[2025-09-26T13:18:48.096+0000] {docker.py:438} INFO -    ✅ [DEBUG] Matched container compose-post-service, restart_count=4
[2025-09-26T13:18:48.097+0000] {docker.py:438} INFO - 📊 [DEBUG] Restart count before action: 4
[2025-09-26T13:18:48.097+0000] {docker.py:438} INFO - 🔧 [DEBUG] Restart strategies to try: [['sh', '-c', 'kill -INT 1'], ['sh', '-c', 'kill -2 1'], ['sh', '-c', 'kill -TERM 1'], ['sh', '-c', 'kill -9 1']]
[2025-09-26T13:18:48.098+0000] {docker.py:438} INFO - ➡️ [DEBUG] Trying restart strategy #1: sh -c kill -INT 1
[2025-09-26T13:18:48.098+0000] {docker.py:438} INFO -    [DEBUG] Exec stream opened successfully, running command...
[2025-09-26T13:18:48.098+0000] {docker.py:438} INFO -    [DEBUG] run_forever returned/finished
[2025-09-26T13:18:48.098+0000] {docker.py:438} INFO -    📤 [DEBUG] STDOUT (truncated): 
[2025-09-26T13:18:48.098+0000] {docker.py:438} INFO -    📤 [DEBUG] STDERR (truncated): 
[2025-09-26T13:18:48.098+0000] {docker.py:438} INFO -    📤 [DEBUG] CTRL_ERR: {"metadata":{},"status":"Success"}
[2025-09-26T13:18:48.099+0000] {docker.py:438} INFO -    ⏳ [DEBUG] Waiting up to 60s for restart count to increment...
[2025-09-26T13:18:48.099+0000] {docker.py:438} INFO - 🔍 [DEBUG] _get_restart_count() called for pod=compose-post-service-5458cb945b-2zz2s, ns=default, container=compose-post-service
[2025-09-26T13:18:48.099+0000] {docker.py:438} INFO -    [DEBUG] Found 1 container_status entries
[2025-09-26T13:18:48.099+0000] {docker.py:438} INFO -    [DEBUG] container: compose-post-service, restart_count: 4
[2025-09-26T13:18:48.099+0000] {docker.py:438} INFO -    ✅ [DEBUG] Matched container compose-post-service, restart_count=4
[2025-09-26T13:18:48.100+0000] {docker.py:438} INFO -    [DEBUG] Polled restart count: 4 (before was 4)
[2025-09-26T13:18:48.100+0000] {docker.py:438} INFO - 🔍 [DEBUG] _get_restart_count() called for pod=compose-post-service-5458cb945b-2zz2s, ns=default, container=compose-post-service
[2025-09-26T13:18:48.100+0000] {docker.py:438} INFO -    [DEBUG] Found 1 container_status entries
[2025-09-26T13:18:48.100+0000] {docker.py:438} INFO -    [DEBUG] container: compose-post-service, restart_count: 4
[2025-09-26T13:18:48.100+0000] {docker.py:438} INFO -    ✅ [DEBUG] Matched container compose-post-service, restart_count=4
[2025-09-26T13:18:48.101+0000] {docker.py:438} INFO -    [DEBUG] Polled restart count: 4 (before was 4)
[2025-09-26T13:18:48.101+0000] {docker.py:438} INFO - 🔍 [DEBUG] _get_restart_count() called for pod=compose-post-service-5458cb945b-2zz2s, ns=default, container=compose-post-service
[2025-09-26T13:18:48.101+0000] {docker.py:438} INFO -    [DEBUG] Found 1 container_status entries
[2025-09-26T13:18:48.101+0000] {docker.py:438} INFO -    [DEBUG] container: compose-post-service, restart_count: 4
[2025-09-26T13:18:48.101+0000] {docker.py:438} INFO -    ✅ [DEBUG] Matched container compose-post-service, restart_count=4
[2025-09-26T13:18:48.102+0000] {docker.py:438} INFO -    [DEBUG] Polled restart count: 4 (before was 4)
[2025-09-26T13:18:48.102+0000] {docker.py:438} INFO - 🔍 [DEBUG] _get_restart_count() called for pod=compose-post-service-5458cb945b-2zz2s, ns=default, container=compose-post-service
[2025-09-26T13:18:48.102+0000] {docker.py:438} INFO -    [DEBUG] Found 1 container_status entries
[2025-09-26T13:18:48.102+0000] {docker.py:438} INFO -    [DEBUG] container: compose-post-service, restart_count: 4
[2025-09-26T13:18:48.102+0000] {docker.py:438} INFO -    ✅ [DEBUG] Matched container compose-post-service, restart_count=4
[2025-09-26T13:18:48.103+0000] {docker.py:438} INFO -    [DEBUG] Polled restart count: 4 (before was 4)
[2025-09-26T13:18:48.103+0000] {docker.py:438} INFO - 🔍 [DEBUG] _get_restart_count() called for pod=compose-post-service-5458cb945b-2zz2s, ns=default, container=compose-post-service
[2025-09-26T13:18:48.103+0000] {docker.py:438} INFO -    [DEBUG] Found 1 container_status entries
[2025-09-26T13:18:48.103+0000] {docker.py:438} INFO -    [DEBUG] container: compose-post-service, restart_count: 4
[2025-09-26T13:18:48.103+0000] {docker.py:438} INFO -    ✅ [DEBUG] Matched container compose-post-service, restart_count=4
[2025-09-26T13:18:48.103+0000] {docker.py:438} INFO -    [DEBUG] Polled restart count: 4 (before was 4)
[2025-09-26T13:18:48.103+0000] {docker.py:438} INFO - 🔍 [DEBUG] _get_restart_count() called for pod=compose-post-service-5458cb945b-2zz2s, ns=default, container=compose-post-service
[2025-09-26T13:18:48.104+0000] {docker.py:438} INFO -    [DEBUG] Found 1 container_status entries
[2025-09-26T13:18:48.104+0000] {docker.py:438} INFO -    [DEBUG] container: compose-post-service, restart_count: 4
[2025-09-26T13:18:48.104+0000] {docker.py:438} INFO -    ✅ [DEBUG] Matched container compose-post-service, restart_count=4
[2025-09-26T13:18:48.104+0000] {docker.py:438} INFO -    [DEBUG] Polled restart count: 4 (before was 4)
[2025-09-26T13:18:48.104+0000] {docker.py:438} INFO - 🔍 [DEBUG] _get_restart_count() called for pod=compose-post-service-5458cb945b-2zz2s, ns=default, container=compose-post-service
[2025-09-26T13:18:48.104+0000] {docker.py:438} INFO -    [DEBUG] Found 1 container_status entries
[2025-09-26T13:18:48.105+0000] {docker.py:438} INFO -    [DEBUG] container: compose-post-service, restart_count: 4
[2025-09-26T13:18:48.105+0000] {docker.py:438} INFO -    ✅ [DEBUG] Matched container compose-post-service, restart_count=4
[2025-09-26T13:18:48.105+0000] {docker.py:438} INFO -    [DEBUG] Polled restart count: 4 (before was 4)
[2025-09-26T13:18:48.105+0000] {docker.py:438} INFO - 🔍 [DEBUG] _get_restart_count() called for pod=compose-post-service-5458cb945b-2zz2s, ns=default, container=compose-post-service
[2025-09-26T13:18:48.105+0000] {docker.py:438} INFO -    [DEBUG] Found 1 container_status entries
[2025-09-26T13:18:48.105+0000] {docker.py:438} INFO -    [DEBUG] container: compose-post-service, restart_count: 4
[2025-09-26T13:18:48.105+0000] {docker.py:438} INFO -    ✅ [DEBUG] Matched container compose-post-service, restart_count=4
[2025-09-26T13:18:48.106+0000] {docker.py:438} INFO -    [DEBUG] Polled restart count: 4 (before was 4)
[2025-09-26T13:18:48.106+0000] {docker.py:438} INFO - 🔍 [DEBUG] _get_restart_count() called for pod=compose-post-service-5458cb945b-2zz2s, ns=default, container=compose-post-service
[2025-09-26T13:18:48.106+0000] {docker.py:438} INFO -    [DEBUG] Found 1 container_status entries
[2025-09-26T13:18:48.106+0000] {docker.py:438} INFO -    [DEBUG] container: compose-post-service, restart_count: 4
[2025-09-26T13:18:48.106+0000] {docker.py:438} INFO -    ✅ [DEBUG] Matched container compose-post-service, restart_count=4
[2025-09-26T13:18:48.106+0000] {docker.py:438} INFO -    [DEBUG] Polled restart count: 4 (before was 4)
[2025-09-26T13:18:48.106+0000] {docker.py:438} INFO - 🔍 [DEBUG] _get_restart_count() called for pod=compose-post-service-5458cb945b-2zz2s, ns=default, container=compose-post-service
[2025-09-26T13:18:48.106+0000] {docker.py:438} INFO -    [DEBUG] Found 1 container_status entries
[2025-09-26T13:18:48.107+0000] {docker.py:438} INFO -    [DEBUG] container: compose-post-service, restart_count: 4
[2025-09-26T13:18:48.107+0000] {docker.py:438} INFO -    ✅ [DEBUG] Matched container compose-post-service, restart_count=4
[2025-09-26T13:18:48.107+0000] {docker.py:438} INFO -    [DEBUG] Polled restart count: 4 (before was 4)
[2025-09-26T13:18:48.107+0000] {docker.py:438} INFO - 🔍 [DEBUG] _get_restart_count() called for pod=compose-post-service-5458cb945b-2zz2s, ns=default, container=compose-post-service
[2025-09-26T13:18:48.107+0000] {docker.py:438} INFO -    [DEBUG] Found 1 container_status entries
[2025-09-26T13:18:48.107+0000] {docker.py:438} INFO -    [DEBUG] container: compose-post-service, restart_count: 4
[2025-09-26T13:18:48.107+0000] {docker.py:438} INFO -    ✅ [DEBUG] Matched container compose-post-service, restart_count=4
[2025-09-26T13:18:48.107+0000] {docker.py:438} INFO -    [DEBUG] Polled restart count: 4 (before was 4)
[2025-09-26T13:18:48.108+0000] {docker.py:438} INFO - 🔍 [DEBUG] _get_restart_count() called for pod=compose-post-service-5458cb945b-2zz2s, ns=default, container=compose-post-service
[2025-09-26T13:19:32.728+0000] {docker.py:438} INFO - [DEBUG] Found 1 container_status entries
[2025-09-26T13:19:32.728+0000] {docker.py:438} INFO -    [DEBUG] container: compose-post-service, restart_count: 4
[2025-09-26T13:19:32.729+0000] {docker.py:438} INFO -    ✅ [DEBUG] Matched container compose-post-service, restart_count=4
[2025-09-26T13:19:32.729+0000] {docker.py:438} INFO -    [DEBUG] Polled restart count: 4 (before was 4)
[2025-09-26T13:19:32.729+0000] {docker.py:438} INFO - 🔍 [DEBUG] _get_restart_count() called for pod=compose-post-service-5458cb945b-2zz2s, ns=default, container=compose-post-service
[2025-09-26T13:19:32.729+0000] {docker.py:438} INFO -    [DEBUG] Found 1 container_status entries
[2025-09-26T13:19:32.730+0000] {docker.py:438} INFO -    [DEBUG] container: compose-post-service, restart_count: 4
[2025-09-26T13:19:32.730+0000] {docker.py:438} INFO -    ✅ [DEBUG] Matched container compose-post-service, restart_count=4
[2025-09-26T13:19:32.730+0000] {docker.py:438} INFO -    [DEBUG] Polled restart count: 4 (before was 4)
[2025-09-26T13:19:32.730+0000] {docker.py:438} INFO - 🔍 [DEBUG] _get_restart_count() called for pod=compose-post-service-5458cb945b-2zz2s, ns=default, container=compose-post-service
[2025-09-26T13:19:32.730+0000] {docker.py:438} INFO -    [DEBUG] Found 1 container_status entries
[2025-09-26T13:19:32.730+0000] {docker.py:438} INFO -    [DEBUG] container: compose-post-service, restart_count: 4
[2025-09-26T13:19:32.731+0000] {docker.py:438} INFO -    ✅ [DEBUG] Matched container compose-post-service, restart_count=4
[2025-09-26T13:19:32.731+0000] {docker.py:438} INFO -    [DEBUG] Polled restart count: 4 (before was 4)
[2025-09-26T13:19:32.731+0000] {docker.py:438} INFO - 🔍 [DEBUG] _get_restart_count() called for pod=compose-post-service-5458cb945b-2zz2s, ns=default, container=compose-post-service
[2025-09-26T13:19:32.731+0000] {docker.py:438} INFO -    [DEBUG] Found 1 container_status entries
[2025-09-26T13:19:32.731+0000] {docker.py:438} INFO -    [DEBUG] container: compose-post-service, restart_count: 4
[2025-09-26T13:19:32.732+0000] {docker.py:438} INFO -    ✅ [DEBUG] Matched container compose-post-service, restart_count=4
[2025-09-26T13:19:32.732+0000] {docker.py:438} INFO -    [DEBUG] Polled restart count: 4 (before was 4)
[2025-09-26T13:19:32.732+0000] {docker.py:438} INFO - 🔍 [DEBUG] _get_restart_count() called for pod=compose-post-service-5458cb945b-2zz2s, ns=default, container=compose-post-service
[2025-09-26T13:19:32.732+0000] {docker.py:438} INFO -    [DEBUG] Found 1 container_status entries
[2025-09-26T13:19:32.732+0000] {docker.py:438} INFO -    [DEBUG] container: compose-post-service, restart_count: 4
[2025-09-26T13:19:32.732+0000] {docker.py:438} INFO -    ✅ [DEBUG] Matched container compose-post-service, restart_count=4
[2025-09-26T13:19:32.732+0000] {docker.py:438} INFO -    [DEBUG] Polled restart count: 4 (before was 4)
[2025-09-26T13:19:32.733+0000] {docker.py:438} INFO - 🔍 [DEBUG] _get_restart_count() called for pod=compose-post-service-5458cb945b-2zz2s, ns=default, container=compose-post-service
[2025-09-26T13:19:32.733+0000] {docker.py:438} INFO -    [DEBUG] Found 1 container_status entries
[2025-09-26T13:19:32.733+0000] {docker.py:438} INFO -    [DEBUG] container: compose-post-service, restart_count: 4
[2025-09-26T13:19:32.733+0000] {docker.py:438} INFO -    ✅ [DEBUG] Matched container compose-post-service, restart_count=4
[2025-09-26T13:19:32.733+0000] {docker.py:438} INFO -    [DEBUG] Polled restart count: 4 (before was 4)
[2025-09-26T13:19:32.733+0000] {docker.py:438} INFO - 🔍 [DEBUG] _get_restart_count() called for pod=compose-post-service-5458cb945b-2zz2s, ns=default, container=compose-post-service
[2025-09-26T13:19:32.733+0000] {docker.py:438} INFO -    [DEBUG] Found 1 container_status entries
[2025-09-26T13:19:32.734+0000] {docker.py:438} INFO -    [DEBUG] container: compose-post-service, restart_count: 4
[2025-09-26T13:19:32.734+0000] {docker.py:438} INFO -    ✅ [DEBUG] Matched container compose-post-service, restart_count=4
[2025-09-26T13:19:32.734+0000] {docker.py:438} INFO -    [DEBUG] Polled restart count: 4 (before was 4)
[2025-09-26T13:19:32.734+0000] {docker.py:438} INFO - 🔍 [DEBUG] _get_restart_count() called for pod=compose-post-service-5458cb945b-2zz2s, ns=default, container=compose-post-service
[2025-09-26T13:19:32.734+0000] {docker.py:438} INFO -    [DEBUG] Found 1 container_status entries
[2025-09-26T13:19:32.734+0000] {docker.py:438} INFO -    [DEBUG] container: compose-post-service, restart_count: 4
[2025-09-26T13:19:32.734+0000] {docker.py:438} INFO -    ✅ [DEBUG] Matched container compose-post-service, restart_count=4
[2025-09-26T13:19:32.734+0000] {docker.py:438} INFO -    [DEBUG] Polled restart count: 4 (before was 4)
[2025-09-26T13:19:32.735+0000] {docker.py:438} INFO - 🔍 [DEBUG] _get_restart_count() called for pod=compose-post-service-5458cb945b-2zz2s, ns=default, container=compose-post-service
[2025-09-26T13:19:32.735+0000] {docker.py:438} INFO -    [DEBUG] Found 1 container_status entries
[2025-09-26T13:19:32.735+0000] {docker.py:438} INFO -    [DEBUG] container: compose-post-service, restart_count: 4
[2025-09-26T13:19:32.735+0000] {docker.py:438} INFO -    ✅ [DEBUG] Matched container compose-post-service, restart_count=4
[2025-09-26T13:19:32.735+0000] {docker.py:438} INFO -    [DEBUG] Polled restart count: 4 (before was 4)
[2025-09-26T13:19:32.735+0000] {docker.py:438} INFO - 🔍 [DEBUG] _get_restart_count() called for pod=compose-post-service-5458cb945b-2zz2s, ns=default, container=compose-post-service
[2025-09-26T13:19:32.735+0000] {docker.py:438} INFO -    [DEBUG] Found 1 container_status entries
[2025-09-26T13:19:32.736+0000] {docker.py:438} INFO -    [DEBUG] container: compose-post-service, restart_count: 4
[2025-09-26T13:19:32.736+0000] {docker.py:438} INFO -    ✅ [DEBUG] Matched container compose-post-service, restart_count=4
[2025-09-26T13:19:32.736+0000] {docker.py:438} INFO -    [DEBUG] Polled restart count: 4 (before was 4)
[2025-09-26T13:19:32.736+0000] {docker.py:438} INFO - 🔍 [DEBUG] _get_restart_count() called for pod=compose-post-service-5458cb945b-2zz2s, ns=default, container=compose-post-service
[2025-09-26T13:19:32.736+0000] {docker.py:438} INFO -    [DEBUG] Found 1 container_status entries
[2025-09-26T13:19:32.736+0000] {docker.py:438} INFO -    [DEBUG] container: compose-post-service, restart_count: 4
[2025-09-26T13:19:32.736+0000] {docker.py:438} INFO -    ✅ [DEBUG] Matched container compose-post-service, restart_count=4
[2025-09-26T13:19:32.736+0000] {docker.py:438} INFO -    [DEBUG] Polled restart count: 4 (before was 4)
[2025-09-26T13:19:32.737+0000] {docker.py:438} INFO - 🔍 [DEBUG] _get_restart_count() called for pod=compose-post-service-5458cb945b-2zz2s, ns=default, container=compose-post-service
[2025-09-26T13:19:32.737+0000] {docker.py:438} INFO -    [DEBUG] Found 1 container_status entries
[2025-09-26T13:19:32.737+0000] {docker.py:438} INFO -    [DEBUG] container: compose-post-service, restart_count: 4
[2025-09-26T13:19:32.737+0000] {docker.py:438} INFO -    ✅ [DEBUG] Matched container compose-post-service, restart_count=4
[2025-09-26T13:19:32.737+0000] {docker.py:438} INFO -    [DEBUG] Polled restart count: 4 (before was 4)
[2025-09-26T13:19:32.737+0000] {docker.py:438} INFO - 🔍 [DEBUG] _get_restart_count() called for pod=compose-post-service-5458cb945b-2zz2s, ns=default, container=compose-post-service
[2025-09-26T13:19:32.737+0000] {docker.py:438} INFO -    [DEBUG] Found 1 container_status entries
[2025-09-26T13:19:32.737+0000] {docker.py:438} INFO -    [DEBUG] container: compose-post-service, restart_count: 4
[2025-09-26T13:19:32.738+0000] {docker.py:438} INFO -    ✅ [DEBUG] Matched container compose-post-service, restart_count=4
[2025-09-26T13:19:32.738+0000] {docker.py:438} INFO -    [DEBUG] Polled restart count: 4 (before was 4)
[2025-09-26T13:19:32.738+0000] {docker.py:438} INFO - 🔍 [DEBUG] _get_restart_count() called for pod=compose-post-service-5458cb945b-2zz2s, ns=default, container=compose-post-service
[2025-09-26T13:19:32.738+0000] {docker.py:438} INFO -    [DEBUG] Found 1 container_status entries
[2025-09-26T13:19:32.738+0000] {docker.py:438} INFO -    [DEBUG] container: compose-post-service, restart_count: 4
[2025-09-26T13:19:32.738+0000] {docker.py:438} INFO -    ✅ [DEBUG] Matched container compose-post-service, restart_count=4
[2025-09-26T13:19:32.738+0000] {docker.py:438} INFO -    [DEBUG] Polled restart count: 4 (before was 4)
[2025-09-26T13:19:32.738+0000] {docker.py:438} INFO -    ⚠️ [DEBUG] This strategy did not result in a restart, going to next strategy if any
[2025-09-26T13:19:32.739+0000] {docker.py:438} INFO - ➡️ [DEBUG] Trying restart strategy #2: sh -c kill -2 1
[2025-09-26T13:19:32.739+0000] {docker.py:438} INFO -    ❌ [DEBUG] Failed to open exec stream for pod compose-post-service-5458cb945b-2zz2s, container compose-post-service: (0)
[2025-09-26T13:19:32.739+0000] {docker.py:438} INFO - Reason: Handshake status 500 Internal Server Error -+-+- {'date': 'Fri, 26 Sep 2025 13:19:22 GMT', 'connection': 'close', 'content-length': '0'} -+-+- b''
[2025-09-26T13:19:32.739+0000] {docker.py:438} INFO - 
[2025-09-26T13:19:32.739+0000] {docker.py:438} INFO - ➡️ [DEBUG] Trying restart strategy #3: sh -c kill -TERM 1
[2025-09-26T13:19:32.739+0000] {docker.py:438} INFO -    ❌ [DEBUG] Failed to open exec stream for pod compose-post-service-5458cb945b-2zz2s, container compose-post-service: (0)
[2025-09-26T13:19:32.740+0000] {docker.py:438} INFO - Reason: Handshake status 500 Internal Server Error -+-+- {'date': 'Fri, 26 Sep 2025 13:19:24 GMT', 'connection': 'close', 'content-length': '0'} -+-+- b''
[2025-09-26T13:19:32.740+0000] {docker.py:438} INFO - 
[2025-09-26T13:19:32.740+0000] {docker.py:438} INFO - ➡️ [DEBUG] Trying restart strategy #4: sh -c kill -9 1
[2025-09-26T13:19:32.740+0000] {docker.py:438} INFO -    ❌ [DEBUG] Failed to open exec stream for pod compose-post-service-5458cb945b-2zz2s, container compose-post-service: (0)
[2025-09-26T13:19:32.740+0000] {docker.py:438} INFO - Reason: Handshake status 500 Internal Server Error -+-+- {'date': 'Fri, 26 Sep 2025 13:19:25 GMT', 'connection': 'close', 'content-length': '0'} -+-+- b''
[2025-09-26T13:19:32.740+0000] {docker.py:438} INFO - 
[2025-09-26T13:19:32.740+0000] {docker.py:438} INFO - ❌ [DEBUG] All strategies exhausted for pod compose-post-service-5458cb945b-2zz2s and no restart observed
[2025-09-26T13:19:32.741+0000] {docker.py:438} INFO - 
[2025-09-26T13:19:32.741+0000] {docker.py:438} INFO - 🏁 [DEBUG] restart_containers() finished. Processed 1 pods
[2025-09-26T13:19:32.741+0000] {docker.py:438} INFO -    [DEBUG] restart_containers returned 1 entries
[2025-09-26T13:19:32.741+0000] {docker.py:438} INFO - ✅ [DEBUG] Successfully restarted this cycle: 0
[2025-09-26T13:19:32.741+0000] {docker.py:438} INFO - ❌ [DEBUG] Failed restarts this cycle: 1
[2025-09-26T13:19:32.741+0000] {docker.py:438} INFO -    - compose-post-service-5458cb945b-2zz2s status=restart_failed details={'pod_name': 'compose-post-service-5458cb945b-2zz2s', 'container_name': 'compose-post-service', 'status': 'restart_failed', 'before_count': 4, 'stdout': '', 'stderr': '', 'ctrl_err': '{"metadata":{},"status":"Success"}'}
[2025-09-26T13:19:32.741+0000] {docker.py:438} INFO - ⏳ [DEBUG] Waiting 5 seconds until next cycle. Time remaining: 184s
[2025-09-26T13:19:32.741+0000] {docker.py:438} INFO - 
[2025-09-26T13:19:32.742+0000] {docker.py:438} INFO - ============================================================
[2025-09-26T13:19:32.742+0000] {docker.py:438} INFO - 🔄 [DEBUG] Container Restart Cycle #6 at 2025-09-26 13:19:30
[2025-09-26T13:19:32.742+0000] {docker.py:438} INFO - ============================================================
[2025-09-26T13:19:32.742+0000] {docker.py:438} INFO - 🔄 [DEBUG] Entered restart_containers()
[2025-09-26T13:19:32.742+0000] {docker.py:438} INFO -    Params => label_selector=app=compose-post-service, name_pattern=None, qty=2, rand=True, mode=fixed, ns=default, order=alphabetic, container_name=compose-post-service, restart_command=None
[2025-09-26T13:19:32.742+0000] {docker.py:438} INFO - 🔑 [DEBUG] Kubernetes API client created
[2025-09-26T13:19:32.742+0000] {docker.py:438} INFO - 🔍 [DEBUG] Selecting pods now...
[2025-09-26T13:19:32.743+0000] {docker.py:438} INFO - 🔍 [DEBUG] Entered _select_pods()
[2025-09-26T13:19:32.743+0000] {docker.py:438} INFO -    Params => label_selector=app=compose-post-service, name_pattern=None, all=False, rand=True, mode=fixed, qty=2, ns=default, order=alphabetic
[2025-09-26T13:19:32.743+0000] {docker.py:438} INFO -    [DEBUG] Listing pods with label_selector=app=compose-post-service
[2025-09-26T13:19:32.744+0000] {docker.py:438} INFO - 📋 [DEBUG] Found 1 pods initially
[2025-09-26T13:19:32.744+0000] {docker.py:438} INFO - 🎲 [DEBUG] Random selection chosen: 1 pods
[2025-09-26T13:19:32.744+0000] {docker.py:438} INFO - ✅ [DEBUG] Selected pods: ['compose-post-service-5458cb945b-2zz2s']
[2025-09-26T13:19:32.744+0000] {docker.py:438} INFO - 📋 [DEBUG] Pods selected: 1
[2025-09-26T13:19:32.744+0000] {docker.py:438} INFO - 
[2025-09-26T13:19:32.744+0000] {docker.py:438} INFO - 🎯 [DEBUG] Processing pod: compose-post-service-5458cb945b-2zz2s
[2025-09-26T13:19:32.744+0000] {docker.py:438} INFO - 📦 [DEBUG] Using provided container: compose-post-service
[2025-09-26T13:19:32.745+0000] {docker.py:438} INFO - 🔍 [DEBUG] _get_restart_count() called for pod=compose-post-service-5458cb945b-2zz2s, ns=default, container=compose-post-service
[2025-09-26T13:19:32.745+0000] {docker.py:438} INFO -    [DEBUG] Found 1 container_status entries
[2025-09-26T13:19:32.745+0000] {docker.py:438} INFO -    [DEBUG] container: compose-post-service, restart_count: 4
[2025-09-26T13:19:32.745+0000] {docker.py:438} INFO -    ✅ [DEBUG] Matched container compose-post-service, restart_count=4
[2025-09-26T13:19:32.745+0000] {docker.py:438} INFO - 📊 [DEBUG] Restart count before action: 4
[2025-09-26T13:19:32.745+0000] {docker.py:438} INFO - 🔧 [DEBUG] Restart strategies to try: [['sh', '-c', 'kill -INT 1'], ['sh', '-c', 'kill -2 1'], ['sh', '-c', 'kill -TERM 1'], ['sh', '-c', 'kill -9 1']]
[2025-09-26T13:20:05.025+0000] {docker.py:438} INFO - ➡️ [DEBUG] Trying restart strategy #1: sh -c kill -INT 1
[2025-09-26T13:20:05.026+0000] {docker.py:438} INFO -    ❌ [DEBUG] Failed to open exec stream for pod compose-post-service-5458cb945b-2zz2s, container compose-post-service: (0)
[2025-09-26T13:20:05.026+0000] {docker.py:438} INFO - Reason: Handshake status 500 Internal Server Error -+-+- {'date': 'Fri, 26 Sep 2025 13:19:34 GMT', 'connection': 'close', 'content-length': '0'} -+-+- b''
[2025-09-26T13:20:05.026+0000] {docker.py:438} INFO - 
[2025-09-26T13:20:05.027+0000] {docker.py:438} INFO - ➡️ [DEBUG] Trying restart strategy #2: sh -c kill -2 1
[2025-09-26T13:20:05.027+0000] {docker.py:438} INFO -    ❌ [DEBUG] Failed to open exec stream for pod compose-post-service-5458cb945b-2zz2s, container compose-post-service: (0)
[2025-09-26T13:20:05.027+0000] {docker.py:438} INFO - Reason: Handshake status 500 Internal Server Error -+-+- {'date': 'Fri, 26 Sep 2025 13:19:35 GMT', 'connection': 'close', 'content-length': '0'} -+-+- b''
[2025-09-26T13:20:05.027+0000] {docker.py:438} INFO - 
[2025-09-26T13:20:05.027+0000] {docker.py:438} INFO - ➡️ [DEBUG] Trying restart strategy #3: sh -c kill -TERM 1
[2025-09-26T13:20:05.027+0000] {docker.py:438} INFO -    ❌ [DEBUG] Failed to open exec stream for pod compose-post-service-5458cb945b-2zz2s, container compose-post-service: (0)
[2025-09-26T13:20:05.027+0000] {docker.py:438} INFO - Reason: Handshake status 500 Internal Server Error -+-+- {'date': 'Fri, 26 Sep 2025 13:19:37 GMT', 'connection': 'close', 'content-length': '0'} -+-+- b''
[2025-09-26T13:20:05.028+0000] {docker.py:438} INFO - 
[2025-09-26T13:20:05.028+0000] {docker.py:438} INFO - ➡️ [DEBUG] Trying restart strategy #4: sh -c kill -9 1
[2025-09-26T13:20:05.028+0000] {docker.py:438} INFO -    ❌ [DEBUG] Failed to open exec stream for pod compose-post-service-5458cb945b-2zz2s, container compose-post-service: (0)
[2025-09-26T13:20:05.028+0000] {docker.py:438} INFO - Reason: Handshake status 500 Internal Server Error -+-+- {'date': 'Fri, 26 Sep 2025 13:19:39 GMT', 'connection': 'close', 'content-length': '0'} -+-+- b''
[2025-09-26T13:20:05.028+0000] {docker.py:438} INFO - 
[2025-09-26T13:20:05.028+0000] {docker.py:438} INFO - ❌ [DEBUG] All strategies exhausted for pod compose-post-service-5458cb945b-2zz2s and no restart observed
[2025-09-26T13:20:05.028+0000] {docker.py:438} INFO - 
[2025-09-26T13:20:05.029+0000] {docker.py:438} INFO - 🏁 [DEBUG] restart_containers() finished. Processed 1 pods
[2025-09-26T13:20:05.029+0000] {docker.py:438} INFO -    [DEBUG] restart_containers returned 1 entries
[2025-09-26T13:20:05.029+0000] {docker.py:438} INFO - ✅ [DEBUG] Successfully restarted this cycle: 0
[2025-09-26T13:20:05.029+0000] {docker.py:438} INFO - ❌ [DEBUG] Failed restarts this cycle: 1
[2025-09-26T13:20:05.029+0000] {docker.py:438} INFO -    - compose-post-service-5458cb945b-2zz2s status=restart_failed details={'pod_name': 'compose-post-service-5458cb945b-2zz2s', 'container_name': 'compose-post-service', 'status': 'restart_failed', 'before_count': 4, 'stdout': None, 'stderr': None, 'ctrl_err': None}
[2025-09-26T13:20:05.029+0000] {docker.py:438} INFO - ⏳ [DEBUG] Waiting 5 seconds until next cycle. Time remaining: 171s
[2025-09-26T13:20:05.029+0000] {docker.py:438} INFO - 
[2025-09-26T13:20:05.029+0000] {docker.py:438} INFO - ============================================================
[2025-09-26T13:20:05.030+0000] {docker.py:438} INFO - 🔄 [DEBUG] Container Restart Cycle #7 at 2025-09-26 13:19:44
[2025-09-26T13:20:05.030+0000] {docker.py:438} INFO - ============================================================
[2025-09-26T13:20:05.030+0000] {docker.py:438} INFO - 🔄 [DEBUG] Entered restart_containers()
[2025-09-26T13:20:05.030+0000] {docker.py:438} INFO -    Params => label_selector=app=compose-post-service, name_pattern=None, qty=2, rand=True, mode=fixed, ns=default, order=alphabetic, container_name=compose-post-service, restart_command=None
[2025-09-26T13:20:05.030+0000] {docker.py:438} INFO - 🔑 [DEBUG] Kubernetes API client created
[2025-09-26T13:20:05.030+0000] {docker.py:438} INFO - 🔍 [DEBUG] Selecting pods now...
[2025-09-26T13:20:05.030+0000] {docker.py:438} INFO - 🔍 [DEBUG] Entered _select_pods()
[2025-09-26T13:20:05.030+0000] {docker.py:438} INFO -    Params => label_selector=app=compose-post-service, name_pattern=None, all=False, rand=True, mode=fixed, qty=2, ns=default, order=alphabetic
[2025-09-26T13:20:05.031+0000] {docker.py:438} INFO -    [DEBUG] Listing pods with label_selector=app=compose-post-service
[2025-09-26T13:20:05.031+0000] {docker.py:438} INFO - 📋 [DEBUG] Found 1 pods initially
[2025-09-26T13:20:05.031+0000] {docker.py:438} INFO - 🎲 [DEBUG] Random selection chosen: 1 pods
[2025-09-26T13:20:05.031+0000] {docker.py:438} INFO - ✅ [DEBUG] Selected pods: ['compose-post-service-5458cb945b-2zz2s']
[2025-09-26T13:20:05.031+0000] {docker.py:438} INFO - 📋 [DEBUG] Pods selected: 1
[2025-09-26T13:20:05.031+0000] {docker.py:438} INFO - 
[2025-09-26T13:20:05.031+0000] {docker.py:438} INFO - 🎯 [DEBUG] Processing pod: compose-post-service-5458cb945b-2zz2s
[2025-09-26T13:20:05.032+0000] {docker.py:438} INFO - 📦 [DEBUG] Using provided container: compose-post-service
[2025-09-26T13:20:05.032+0000] {docker.py:438} INFO - 🔍 [DEBUG] _get_restart_count() called for pod=compose-post-service-5458cb945b-2zz2s, ns=default, container=compose-post-service
[2025-09-26T13:20:05.032+0000] {docker.py:438} INFO -    [DEBUG] Found 1 container_status entries
[2025-09-26T13:20:05.032+0000] {docker.py:438} INFO -    [DEBUG] container: compose-post-service, restart_count: 4
[2025-09-26T13:20:05.032+0000] {docker.py:438} INFO -    ✅ [DEBUG] Matched container compose-post-service, restart_count=4
[2025-09-26T13:20:05.032+0000] {docker.py:438} INFO - 📊 [DEBUG] Restart count before action: 4
[2025-09-26T13:20:05.032+0000] {docker.py:438} INFO - 🔧 [DEBUG] Restart strategies to try: [['sh', '-c', 'kill -INT 1'], ['sh', '-c', 'kill -2 1'], ['sh', '-c', 'kill -TERM 1'], ['sh', '-c', 'kill -9 1']]
[2025-09-26T13:20:05.032+0000] {docker.py:438} INFO - ➡️ [DEBUG] Trying restart strategy #1: sh -c kill -INT 1
[2025-09-26T13:20:05.033+0000] {docker.py:438} INFO -    ❌ [DEBUG] Failed to open exec stream for pod compose-post-service-5458cb945b-2zz2s, container compose-post-service: (0)
[2025-09-26T13:20:05.033+0000] {docker.py:438} INFO - Reason: Handshake status 500 Internal Server Error -+-+- {'date': 'Fri, 26 Sep 2025 13:19:47 GMT', 'connection': 'close', 'content-length': '0'} -+-+- b''
[2025-09-26T13:20:05.033+0000] {docker.py:438} INFO - 
[2025-09-26T13:20:05.033+0000] {docker.py:438} INFO - ➡️ [DEBUG] Trying restart strategy #2: sh -c kill -2 1
[2025-09-26T13:20:05.033+0000] {docker.py:438} INFO -    ❌ [DEBUG] Failed to open exec stream for pod compose-post-service-5458cb945b-2zz2s, container compose-post-service: (0)
[2025-09-26T13:20:05.033+0000] {docker.py:438} INFO - Reason: Handshake status 500 Internal Server Error -+-+- {'date': 'Fri, 26 Sep 2025 13:19:48 GMT', 'connection': 'close', 'content-length': '0'} -+-+- b''
[2025-09-26T13:20:05.034+0000] {docker.py:438} INFO - 
[2025-09-26T13:20:05.034+0000] {docker.py:438} INFO - ➡️ [DEBUG] Trying restart strategy #3: sh -c kill -TERM 1
[2025-09-26T13:20:05.034+0000] {docker.py:438} INFO -    ❌ [DEBUG] Failed to open exec stream for pod compose-post-service-5458cb945b-2zz2s, container compose-post-service: (0)
[2025-09-26T13:20:05.034+0000] {docker.py:438} INFO - Reason: Handshake status 500 Internal Server Error -+-+- {'date': 'Fri, 26 Sep 2025 13:19:50 GMT', 'connection': 'close', 'content-length': '0'} -+-+- b''
[2025-09-26T13:20:05.034+0000] {docker.py:438} INFO - 
[2025-09-26T13:20:05.035+0000] {docker.py:438} INFO - ➡️ [DEBUG] Trying restart strategy #4: sh -c kill -9 1
[2025-09-26T13:20:05.035+0000] {docker.py:438} INFO -    [DEBUG] Exec stream opened successfully, running command...
[2025-09-26T13:20:05.035+0000] {docker.py:438} INFO -    [DEBUG] run_forever returned/finished
[2025-09-26T13:20:05.035+0000] {docker.py:438} INFO -    📤 [DEBUG] STDOUT (truncated): 
[2025-09-26T13:20:05.035+0000] {docker.py:438} INFO -    📤 [DEBUG] STDERR (truncated): 
[2025-09-26T13:20:05.036+0000] {docker.py:438} INFO -    📤 [DEBUG] CTRL_ERR: {"metadata":{},"status":"Success"}
[2025-09-26T13:20:05.036+0000] {docker.py:438} INFO -    ⏳ [DEBUG] Waiting up to 60s for restart count to increment...
[2025-09-26T13:20:05.036+0000] {docker.py:438} INFO - 🔍 [DEBUG] _get_restart_count() called for pod=compose-post-service-5458cb945b-2zz2s, ns=default, container=compose-post-service
[2025-09-26T13:20:05.036+0000] {docker.py:438} INFO -    [DEBUG] Found 1 container_status entries
[2025-09-26T13:20:05.036+0000] {docker.py:438} INFO -    [DEBUG] container: compose-post-service, restart_count: 5
[2025-09-26T13:20:05.037+0000] {docker.py:438} INFO -    ✅ [DEBUG] Matched container compose-post-service, restart_count=5
[2025-09-26T13:20:05.037+0000] {docker.py:438} INFO -    [DEBUG] Polled restart count: 5 (before was 4)
[2025-09-26T13:20:05.037+0000] {docker.py:438} INFO -    ✅ [DEBUG] Restart observed: 4 -> 5
[2025-09-26T13:20:05.037+0000] {docker.py:438} INFO -    🎉 [DEBUG] Restart verified, breaking out of strategies loop
[2025-09-26T13:20:05.037+0000] {docker.py:438} INFO - 🔍 [DEBUG] _get_restart_count() called for pod=compose-post-service-5458cb945b-2zz2s, ns=default, container=compose-post-service
[2025-09-26T13:20:05.037+0000] {docker.py:438} INFO -    [DEBUG] Found 1 container_status entries
[2025-09-26T13:20:05.037+0000] {docker.py:438} INFO -    [DEBUG] container: compose-post-service, restart_count: 5
[2025-09-26T13:20:05.037+0000] {docker.py:438} INFO -    ✅ [DEBUG] Matched container compose-post-service, restart_count=5
[2025-09-26T13:20:05.037+0000] {docker.py:438} INFO - ✅ [DEBUG] Restart recorded for compose-post-service-5458cb945b-2zz2s: 4 -> 5
[2025-09-26T13:20:05.038+0000] {docker.py:438} INFO - 
[2025-09-26T13:20:05.038+0000] {docker.py:438} INFO - 🏁 [DEBUG] restart_containers() finished. Processed 1 pods
[2025-09-26T13:20:05.038+0000] {docker.py:438} INFO -    [DEBUG] restart_containers returned 1 entries
[2025-09-26T13:20:05.038+0000] {docker.py:438} INFO - ✅ [DEBUG] Successfully restarted this cycle: 1
[2025-09-26T13:20:05.038+0000] {docker.py:438} INFO -    📦 [DEBUG] compose-post-service-5458cb945b-2zz2s: restart_verified
[2025-09-26T13:20:05.038+0000] {docker.py:438} INFO - ⏳ [DEBUG] Waiting 5 seconds until next cycle. Time remaining: 157s
[2025-09-26T13:20:05.038+0000] {docker.py:438} INFO - 
[2025-09-26T13:20:05.038+0000] {docker.py:438} INFO - ============================================================
[2025-09-26T13:20:05.039+0000] {docker.py:438} INFO - 🔄 [DEBUG] Container Restart Cycle #8 at 2025-09-26 13:19:58
[2025-09-26T13:20:05.039+0000] {docker.py:438} INFO - ============================================================
[2025-09-26T13:20:05.039+0000] {docker.py:438} INFO - 🔄 [DEBUG] Entered restart_containers()
[2025-09-26T13:20:05.039+0000] {docker.py:438} INFO -    Params => label_selector=app=compose-post-service, name_pattern=None, qty=2, rand=True, mode=fixed, ns=default, order=alphabetic, container_name=compose-post-service, restart_command=None
[2025-09-26T13:20:05.039+0000] {docker.py:438} INFO - 🔑 [DEBUG] Kubernetes API client created
[2025-09-26T13:20:05.039+0000] {docker.py:438} INFO - 🔍 [DEBUG] Selecting pods now...
[2025-09-26T13:20:05.039+0000] {docker.py:438} INFO - 🔍 [DEBUG] Entered _select_pods()
[2025-09-26T13:20:05.040+0000] {docker.py:438} INFO -    Params => label_selector=app=compose-post-service, name_pattern=None, all=False, rand=True, mode=fixed, qty=2, ns=default, order=alphabetic
[2025-09-26T13:20:05.040+0000] {docker.py:438} INFO -    [DEBUG] Listing pods with label_selector=app=compose-post-service
[2025-09-26T13:20:05.040+0000] {docker.py:438} INFO - 📋 [DEBUG] Found 1 pods initially
[2025-09-26T13:20:05.040+0000] {docker.py:438} INFO - 🎲 [DEBUG] Random selection chosen: 1 pods
[2025-09-26T13:20:05.040+0000] {docker.py:438} INFO - ✅ [DEBUG] Selected pods: ['compose-post-service-5458cb945b-2zz2s']
[2025-09-26T13:20:05.040+0000] {docker.py:438} INFO - 📋 [DEBUG] Pods selected: 1
[2025-09-26T13:20:05.040+0000] {docker.py:438} INFO - 
[2025-09-26T13:20:05.041+0000] {docker.py:438} INFO - 🎯 [DEBUG] Processing pod: compose-post-service-5458cb945b-2zz2s
[2025-09-26T13:20:05.041+0000] {docker.py:438} INFO - 📦 [DEBUG] Using provided container: compose-post-service
[2025-09-26T13:20:05.041+0000] {docker.py:438} INFO - 🔍 [DEBUG] _get_restart_count() called for pod=compose-post-service-5458cb945b-2zz2s, ns=default, container=compose-post-service
[2025-09-26T13:20:05.041+0000] {docker.py:438} INFO -    [DEBUG] Found 1 container_status entries
[2025-09-26T13:20:05.041+0000] {docker.py:438} INFO -    [DEBUG] container: compose-post-service, restart_count: 5
[2025-09-26T13:20:05.041+0000] {docker.py:438} INFO -    ✅ [DEBUG] Matched container compose-post-service, restart_count=5
[2025-09-26T13:20:05.042+0000] {docker.py:438} INFO - 📊 [DEBUG] Restart count before action: 5
[2025-09-26T13:20:05.042+0000] {docker.py:438} INFO - 🔧 [DEBUG] Restart strategies to try: [['sh', '-c', 'kill -INT 1'], ['sh', '-c', 'kill -2 1'], ['sh', '-c', 'kill -TERM 1'], ['sh', '-c', 'kill -9 1']]
[2025-09-26T13:20:05.042+0000] {docker.py:438} INFO - ➡️ [DEBUG] Trying restart strategy #1: sh -c kill -INT 1
[2025-09-26T13:20:05.042+0000] {docker.py:438} INFO -    [DEBUG] Exec stream opened successfully, running command...
[2025-09-26T13:20:05.042+0000] {docker.py:438} INFO -    [DEBUG] run_forever returned/finished
[2025-09-26T13:20:05.042+0000] {docker.py:438} INFO -    📤 [DEBUG] STDOUT (truncated): 
[2025-09-26T13:20:05.043+0000] {docker.py:438} INFO -    📤 [DEBUG] STDERR (truncated): 
[2025-09-26T13:20:05.043+0000] {docker.py:438} INFO -    📤 [DEBUG] CTRL_ERR: {"metadata":{},"status":"Success"}
[2025-09-26T13:20:05.043+0000] {docker.py:438} INFO -    ⏳ [DEBUG] Waiting up to 60s for restart count to increment...
[2025-09-26T13:20:05.043+0000] {docker.py:438} INFO - 🔍 [DEBUG] _get_restart_count() called for pod=compose-post-service-5458cb945b-2zz2s, ns=default, container=compose-post-service
[2025-09-26T13:20:05.043+0000] {docker.py:438} INFO -    [DEBUG] Found 1 container_status entries
[2025-09-26T13:21:00.262+0000] {docker.py:438} INFO - [DEBUG] container: compose-post-service, restart_count: 5
[2025-09-26T13:21:00.262+0000] {docker.py:438} INFO -    ✅ [DEBUG] Matched container compose-post-service, restart_count=5
[2025-09-26T13:21:00.262+0000] {docker.py:438} INFO -    [DEBUG] Polled restart count: 5 (before was 5)
[2025-09-26T13:21:00.262+0000] {docker.py:438} INFO - 🔍 [DEBUG] _get_restart_count() called for pod=compose-post-service-5458cb945b-2zz2s, ns=default, container=compose-post-service
[2025-09-26T13:21:00.263+0000] {docker.py:438} INFO -    [DEBUG] Found 1 container_status entries
[2025-09-26T13:21:00.263+0000] {docker.py:438} INFO -    [DEBUG] container: compose-post-service, restart_count: 5
[2025-09-26T13:21:00.263+0000] {docker.py:438} INFO -    ✅ [DEBUG] Matched container compose-post-service, restart_count=5
[2025-09-26T13:21:00.263+0000] {docker.py:438} INFO -    [DEBUG] Polled restart count: 5 (before was 5)
[2025-09-26T13:21:00.263+0000] {docker.py:438} INFO - 🔍 [DEBUG] _get_restart_count() called for pod=compose-post-service-5458cb945b-2zz2s, ns=default, container=compose-post-service
[2025-09-26T13:21:00.263+0000] {docker.py:438} INFO -    [DEBUG] Found 1 container_status entries
[2025-09-26T13:21:00.263+0000] {docker.py:438} INFO -    [DEBUG] container: compose-post-service, restart_count: 5
[2025-09-26T13:21:00.264+0000] {docker.py:438} INFO -    ✅ [DEBUG] Matched container compose-post-service, restart_count=5
[2025-09-26T13:21:00.264+0000] {docker.py:438} INFO -    [DEBUG] Polled restart count: 5 (before was 5)
[2025-09-26T13:21:00.264+0000] {docker.py:438} INFO - 🔍 [DEBUG] _get_restart_count() called for pod=compose-post-service-5458cb945b-2zz2s, ns=default, container=compose-post-service
[2025-09-26T13:21:00.264+0000] {docker.py:438} INFO -    [DEBUG] Found 1 container_status entries
[2025-09-26T13:21:00.264+0000] {docker.py:438} INFO -    [DEBUG] container: compose-post-service, restart_count: 5
[2025-09-26T13:21:00.264+0000] {docker.py:438} INFO -    ✅ [DEBUG] Matched container compose-post-service, restart_count=5
[2025-09-26T13:21:00.264+0000] {docker.py:438} INFO -    [DEBUG] Polled restart count: 5 (before was 5)
[2025-09-26T13:21:00.264+0000] {docker.py:438} INFO - 🔍 [DEBUG] _get_restart_count() called for pod=compose-post-service-5458cb945b-2zz2s, ns=default, container=compose-post-service
[2025-09-26T13:21:00.265+0000] {docker.py:438} INFO -    [DEBUG] Found 1 container_status entries
[2025-09-26T13:21:00.265+0000] {docker.py:438} INFO -    [DEBUG] container: compose-post-service, restart_count: 5
[2025-09-26T13:21:00.265+0000] {docker.py:438} INFO -    ✅ [DEBUG] Matched container compose-post-service, restart_count=5
[2025-09-26T13:21:00.265+0000] {docker.py:438} INFO -    [DEBUG] Polled restart count: 5 (before was 5)
[2025-09-26T13:21:00.265+0000] {docker.py:438} INFO - 🔍 [DEBUG] _get_restart_count() called for pod=compose-post-service-5458cb945b-2zz2s, ns=default, container=compose-post-service
[2025-09-26T13:21:00.265+0000] {docker.py:438} INFO -    [DEBUG] Found 1 container_status entries
[2025-09-26T13:21:00.265+0000] {docker.py:438} INFO -    [DEBUG] container: compose-post-service, restart_count: 5
[2025-09-26T13:21:00.265+0000] {docker.py:438} INFO -    ✅ [DEBUG] Matched container compose-post-service, restart_count=5
[2025-09-26T13:21:00.266+0000] {docker.py:438} INFO -    [DEBUG] Polled restart count: 5 (before was 5)
[2025-09-26T13:21:00.266+0000] {docker.py:438} INFO - 🔍 [DEBUG] _get_restart_count() called for pod=compose-post-service-5458cb945b-2zz2s, ns=default, container=compose-post-service
[2025-09-26T13:21:00.266+0000] {docker.py:438} INFO -    [DEBUG] Found 1 container_status entries
[2025-09-26T13:21:00.266+0000] {docker.py:438} INFO -    [DEBUG] container: compose-post-service, restart_count: 5
[2025-09-26T13:21:00.266+0000] {docker.py:438} INFO -    ✅ [DEBUG] Matched container compose-post-service, restart_count=5
[2025-09-26T13:21:00.266+0000] {docker.py:438} INFO -    [DEBUG] Polled restart count: 5 (before was 5)
[2025-09-26T13:21:00.266+0000] {docker.py:438} INFO - 🔍 [DEBUG] _get_restart_count() called for pod=compose-post-service-5458cb945b-2zz2s, ns=default, container=compose-post-service
[2025-09-26T13:21:00.267+0000] {docker.py:438} INFO -    [DEBUG] Found 1 container_status entries
[2025-09-26T13:21:00.267+0000] {docker.py:438} INFO -    [DEBUG] container: compose-post-service, restart_count: 5
[2025-09-26T13:21:00.267+0000] {docker.py:438} INFO -    ✅ [DEBUG] Matched container compose-post-service, restart_count=5
[2025-09-26T13:21:00.267+0000] {docker.py:438} INFO -    [DEBUG] Polled restart count: 5 (before was 5)
[2025-09-26T13:21:00.267+0000] {docker.py:438} INFO - 🔍 [DEBUG] _get_restart_count() called for pod=compose-post-service-5458cb945b-2zz2s, ns=default, container=compose-post-service
[2025-09-26T13:21:00.267+0000] {docker.py:438} INFO -    [DEBUG] Found 1 container_status entries
[2025-09-26T13:21:00.268+0000] {docker.py:438} INFO -    [DEBUG] container: compose-post-service, restart_count: 5
[2025-09-26T13:21:00.268+0000] {docker.py:438} INFO -    ✅ [DEBUG] Matched container compose-post-service, restart_count=5
[2025-09-26T13:21:00.268+0000] {docker.py:438} INFO -    [DEBUG] Polled restart count: 5 (before was 5)
[2025-09-26T13:21:00.268+0000] {docker.py:438} INFO - 🔍 [DEBUG] _get_restart_count() called for pod=compose-post-service-5458cb945b-2zz2s, ns=default, container=compose-post-service
[2025-09-26T13:21:00.268+0000] {docker.py:438} INFO -    [DEBUG] Found 1 container_status entries
[2025-09-26T13:21:00.268+0000] {docker.py:438} INFO -    [DEBUG] container: compose-post-service, restart_count: 5
[2025-09-26T13:21:00.268+0000] {docker.py:438} INFO -    ✅ [DEBUG] Matched container compose-post-service, restart_count=5
[2025-09-26T13:21:00.268+0000] {docker.py:438} INFO -    [DEBUG] Polled restart count: 5 (before was 5)
[2025-09-26T13:21:00.269+0000] {docker.py:438} INFO - 🔍 [DEBUG] _get_restart_count() called for pod=compose-post-service-5458cb945b-2zz2s, ns=default, container=compose-post-service
[2025-09-26T13:21:00.269+0000] {docker.py:438} INFO -    [DEBUG] Found 1 container_status entries
[2025-09-26T13:21:00.269+0000] {docker.py:438} INFO -    [DEBUG] container: compose-post-service, restart_count: 5
[2025-09-26T13:21:00.269+0000] {docker.py:438} INFO -    ✅ [DEBUG] Matched container compose-post-service, restart_count=5
[2025-09-26T13:21:00.269+0000] {docker.py:438} INFO -    [DEBUG] Polled restart count: 5 (before was 5)
[2025-09-26T13:21:00.269+0000] {docker.py:438} INFO - 🔍 [DEBUG] _get_restart_count() called for pod=compose-post-service-5458cb945b-2zz2s, ns=default, container=compose-post-service
[2025-09-26T13:21:00.269+0000] {docker.py:438} INFO -    [DEBUG] Found 1 container_status entries
[2025-09-26T13:21:00.269+0000] {docker.py:438} INFO -    [DEBUG] container: compose-post-service, restart_count: 5
[2025-09-26T13:21:00.270+0000] {docker.py:438} INFO -    ✅ [DEBUG] Matched container compose-post-service, restart_count=5
[2025-09-26T13:21:00.270+0000] {docker.py:438} INFO -    [DEBUG] Polled restart count: 5 (before was 5)
[2025-09-26T13:21:00.270+0000] {docker.py:438} INFO - 🔍 [DEBUG] _get_restart_count() called for pod=compose-post-service-5458cb945b-2zz2s, ns=default, container=compose-post-service
[2025-09-26T13:21:00.270+0000] {docker.py:438} INFO -    [DEBUG] Found 1 container_status entries
[2025-09-26T13:21:00.270+0000] {docker.py:438} INFO -    [DEBUG] container: compose-post-service, restart_count: 5
[2025-09-26T13:21:00.270+0000] {docker.py:438} INFO -    ✅ [DEBUG] Matched container compose-post-service, restart_count=5
[2025-09-26T13:21:00.270+0000] {docker.py:438} INFO -    [DEBUG] Polled restart count: 5 (before was 5)
[2025-09-26T13:21:00.270+0000] {docker.py:438} INFO - 🔍 [DEBUG] _get_restart_count() called for pod=compose-post-service-5458cb945b-2zz2s, ns=default, container=compose-post-service
[2025-09-26T13:21:00.271+0000] {docker.py:438} INFO -    [DEBUG] Found 1 container_status entries
[2025-09-26T13:21:00.271+0000] {docker.py:438} INFO -    [DEBUG] container: compose-post-service, restart_count: 5
[2025-09-26T13:21:00.271+0000] {docker.py:438} INFO -    ✅ [DEBUG] Matched container compose-post-service, restart_count=5
[2025-09-26T13:21:00.271+0000] {docker.py:438} INFO -    [DEBUG] Polled restart count: 5 (before was 5)
[2025-09-26T13:21:00.271+0000] {docker.py:438} INFO - 🔍 [DEBUG] _get_restart_count() called for pod=compose-post-service-5458cb945b-2zz2s, ns=default, container=compose-post-service
[2025-09-26T13:21:00.271+0000] {docker.py:438} INFO -    [DEBUG] Found 1 container_status entries
[2025-09-26T13:21:00.271+0000] {docker.py:438} INFO -    [DEBUG] container: compose-post-service, restart_count: 5
[2025-09-26T13:21:00.272+0000] {docker.py:438} INFO -    ✅ [DEBUG] Matched container compose-post-service, restart_count=5
[2025-09-26T13:21:00.272+0000] {docker.py:438} INFO -    [DEBUG] Polled restart count: 5 (before was 5)
[2025-09-26T13:21:00.272+0000] {docker.py:438} INFO - 🔍 [DEBUG] _get_restart_count() called for pod=compose-post-service-5458cb945b-2zz2s, ns=default, container=compose-post-service
[2025-09-26T13:21:00.272+0000] {docker.py:438} INFO -    [DEBUG] Found 1 container_status entries
[2025-09-26T13:21:00.272+0000] {docker.py:438} INFO -    [DEBUG] container: compose-post-service, restart_count: 5
[2025-09-26T13:21:00.272+0000] {docker.py:438} INFO -    ✅ [DEBUG] Matched container compose-post-service, restart_count=5
[2025-09-26T13:21:00.272+0000] {docker.py:438} INFO -    [DEBUG] Polled restart count: 5 (before was 5)
[2025-09-26T13:21:00.273+0000] {docker.py:438} INFO - 🔍 [DEBUG] _get_restart_count() called for pod=compose-post-service-5458cb945b-2zz2s, ns=default, container=compose-post-service
[2025-09-26T13:21:00.273+0000] {docker.py:438} INFO -    [DEBUG] Found 1 container_status entries
[2025-09-26T13:21:00.273+0000] {docker.py:438} INFO -    [DEBUG] container: compose-post-service, restart_count: 5
[2025-09-26T13:21:00.273+0000] {docker.py:438} INFO -    ✅ [DEBUG] Matched container compose-post-service, restart_count=5
[2025-09-26T13:21:00.273+0000] {docker.py:438} INFO -    [DEBUG] Polled restart count: 5 (before was 5)
[2025-09-26T13:21:00.273+0000] {docker.py:438} INFO - 🔍 [DEBUG] _get_restart_count() called for pod=compose-post-service-5458cb945b-2zz2s, ns=default, container=compose-post-service
[2025-09-26T13:21:00.273+0000] {docker.py:438} INFO -    [DEBUG] Found 1 container_status entries
[2025-09-26T13:21:00.274+0000] {docker.py:438} INFO -    [DEBUG] container: compose-post-service, restart_count: 5
[2025-09-26T13:21:00.274+0000] {docker.py:438} INFO -    ✅ [DEBUG] Matched container compose-post-service, restart_count=5
[2025-09-26T13:21:00.274+0000] {docker.py:438} INFO -    [DEBUG] Polled restart count: 5 (before was 5)
[2025-09-26T13:21:00.274+0000] {docker.py:438} INFO - 🔍 [DEBUG] _get_restart_count() called for pod=compose-post-service-5458cb945b-2zz2s, ns=default, container=compose-post-service
[2025-09-26T13:21:00.274+0000] {docker.py:438} INFO -    [DEBUG] Found 1 container_status entries
[2025-09-26T13:21:00.274+0000] {docker.py:438} INFO -    [DEBUG] container: compose-post-service, restart_count: 5
[2025-09-26T13:21:00.275+0000] {docker.py:438} INFO -    ✅ [DEBUG] Matched container compose-post-service, restart_count=5
[2025-09-26T13:21:00.275+0000] {docker.py:438} INFO -    [DEBUG] Polled restart count: 5 (before was 5)
[2025-09-26T13:21:00.275+0000] {docker.py:438} INFO - 🔍 [DEBUG] _get_restart_count() called for pod=compose-post-service-5458cb945b-2zz2s, ns=default, container=compose-post-service
[2025-09-26T13:21:00.275+0000] {docker.py:438} INFO -    [DEBUG] Found 1 container_status entries
[2025-09-26T13:21:00.275+0000] {docker.py:438} INFO -    [DEBUG] container: compose-post-service, restart_count: 5
[2025-09-26T13:21:00.275+0000] {docker.py:438} INFO -    ✅ [DEBUG] Matched container compose-post-service, restart_count=5
[2025-09-26T13:21:00.275+0000] {docker.py:438} INFO -    [DEBUG] Polled restart count: 5 (before was 5)
[2025-09-26T13:21:00.275+0000] {docker.py:438} INFO - 🔍 [DEBUG] _get_restart_count() called for pod=compose-post-service-5458cb945b-2zz2s, ns=default, container=compose-post-service
[2025-09-26T13:21:00.276+0000] {docker.py:438} INFO -    [DEBUG] Found 1 container_status entries
[2025-09-26T13:21:00.276+0000] {docker.py:438} INFO -    [DEBUG] container: compose-post-service, restart_count: 5
[2025-09-26T13:21:00.276+0000] {docker.py:438} INFO -    ✅ [DEBUG] Matched container compose-post-service, restart_count=5
[2025-09-26T13:21:00.276+0000] {docker.py:438} INFO -    [DEBUG] Polled restart count: 5 (before was 5)
[2025-09-26T13:21:00.276+0000] {docker.py:438} INFO - 🔍 [DEBUG] _get_restart_count() called for pod=compose-post-service-5458cb945b-2zz2s, ns=default, container=compose-post-service
[2025-09-26T13:21:00.276+0000] {docker.py:438} INFO -    [DEBUG] Found 1 container_status entries
[2025-09-26T13:21:00.276+0000] {docker.py:438} INFO -    [DEBUG] container: compose-post-service, restart_count: 5
[2025-09-26T13:21:00.277+0000] {docker.py:438} INFO -    ✅ [DEBUG] Matched container compose-post-service, restart_count=5
[2025-09-26T13:21:00.277+0000] {docker.py:438} INFO -    [DEBUG] Polled restart count: 5 (before was 5)
[2025-09-26T13:21:00.277+0000] {docker.py:438} INFO - 🔍 [DEBUG] _get_restart_count() called for pod=compose-post-service-5458cb945b-2zz2s, ns=default, container=compose-post-service
[2025-09-26T13:21:00.277+0000] {docker.py:438} INFO -    [DEBUG] Found 1 container_status entries
[2025-09-26T13:21:00.277+0000] {docker.py:438} INFO -    [DEBUG] container: compose-post-service, restart_count: 5
[2025-09-26T13:21:00.277+0000] {docker.py:438} INFO -    ✅ [DEBUG] Matched container compose-post-service, restart_count=5
[2025-09-26T13:21:00.277+0000] {docker.py:438} INFO -    [DEBUG] Polled restart count: 5 (before was 5)
[2025-09-26T13:21:00.277+0000] {docker.py:438} INFO - 🔍 [DEBUG] _get_restart_count() called for pod=compose-post-service-5458cb945b-2zz2s, ns=default, container=compose-post-service
[2025-09-26T13:21:00.278+0000] {docker.py:438} INFO -    [DEBUG] Found 1 container_status entries
[2025-09-26T13:21:37.354+0000] {docker.py:438} INFO - [DEBUG] container: compose-post-service, restart_count: 5
[2025-09-26T13:21:37.355+0000] {docker.py:438} INFO -    ✅ [DEBUG] Matched container compose-post-service, restart_count=5
[2025-09-26T13:21:37.355+0000] {docker.py:438} INFO -    [DEBUG] Polled restart count: 5 (before was 5)
[2025-09-26T13:21:37.355+0000] {docker.py:438} INFO - 🔍 [DEBUG] _get_restart_count() called for pod=compose-post-service-5458cb945b-2zz2s, ns=default, container=compose-post-service
[2025-09-26T13:21:37.356+0000] {docker.py:438} INFO -    [DEBUG] Found 1 container_status entries
[2025-09-26T13:21:37.356+0000] {docker.py:438} INFO -    [DEBUG] container: compose-post-service, restart_count: 5
[2025-09-26T13:21:37.356+0000] {docker.py:438} INFO -    ✅ [DEBUG] Matched container compose-post-service, restart_count=5
[2025-09-26T13:21:37.356+0000] {docker.py:438} INFO -    [DEBUG] Polled restart count: 5 (before was 5)
[2025-09-26T13:21:37.356+0000] {docker.py:438} INFO - 🔍 [DEBUG] _get_restart_count() called for pod=compose-post-service-5458cb945b-2zz2s, ns=default, container=compose-post-service
[2025-09-26T13:21:37.356+0000] {docker.py:438} INFO -    [DEBUG] Found 1 container_status entries
[2025-09-26T13:21:37.356+0000] {docker.py:438} INFO -    [DEBUG] container: compose-post-service, restart_count: 5
[2025-09-26T13:21:37.357+0000] {docker.py:438} INFO -    ✅ [DEBUG] Matched container compose-post-service, restart_count=5
[2025-09-26T13:21:37.357+0000] {docker.py:438} INFO -    [DEBUG] Polled restart count: 5 (before was 5)
[2025-09-26T13:21:37.357+0000] {docker.py:438} INFO -    ⚠️ [DEBUG] This strategy did not result in a restart, going to next strategy if any
[2025-09-26T13:21:37.357+0000] {docker.py:438} INFO - ➡️ [DEBUG] Trying restart strategy #2: sh -c kill -2 1
[2025-09-26T13:21:37.357+0000] {docker.py:438} INFO -    ❌ [DEBUG] Failed to open exec stream for pod compose-post-service-5458cb945b-2zz2s, container compose-post-service: (0)
[2025-09-26T13:21:37.357+0000] {docker.py:438} INFO - Reason: Handshake status 500 Internal Server Error -+-+- {'date': 'Fri, 26 Sep 2025 13:21:08 GMT', 'connection': 'close', 'content-length': '0'} -+-+- b''
[2025-09-26T13:21:37.357+0000] {docker.py:438} INFO - 
[2025-09-26T13:21:37.357+0000] {docker.py:438} INFO - ➡️ [DEBUG] Trying restart strategy #3: sh -c kill -TERM 1
[2025-09-26T13:21:37.358+0000] {docker.py:438} INFO -    ❌ [DEBUG] Failed to open exec stream for pod compose-post-service-5458cb945b-2zz2s, container compose-post-service: (0)
[2025-09-26T13:21:37.358+0000] {docker.py:438} INFO - Reason: Handshake status 500 Internal Server Error -+-+- {'date': 'Fri, 26 Sep 2025 13:21:09 GMT', 'connection': 'close', 'content-length': '0'} -+-+- b''
[2025-09-26T13:21:37.358+0000] {docker.py:438} INFO - 
[2025-09-26T13:21:37.358+0000] {docker.py:438} INFO - ➡️ [DEBUG] Trying restart strategy #4: sh -c kill -9 1
[2025-09-26T13:21:37.358+0000] {docker.py:438} INFO -    ❌ [DEBUG] Failed to open exec stream for pod compose-post-service-5458cb945b-2zz2s, container compose-post-service: (0)
[2025-09-26T13:21:37.358+0000] {docker.py:438} INFO - Reason: Handshake status 500 Internal Server Error -+-+- {'date': 'Fri, 26 Sep 2025 13:21:11 GMT', 'connection': 'close', 'content-length': '0'} -+-+- b''
[2025-09-26T13:21:37.358+0000] {docker.py:438} INFO - 
[2025-09-26T13:21:37.358+0000] {docker.py:438} INFO - ❌ [DEBUG] All strategies exhausted for pod compose-post-service-5458cb945b-2zz2s and no restart observed
[2025-09-26T13:21:37.359+0000] {docker.py:438} INFO - 
[2025-09-26T13:21:37.359+0000] {docker.py:438} INFO - 🏁 [DEBUG] restart_containers() finished. Processed 1 pods
[2025-09-26T13:21:37.359+0000] {docker.py:438} INFO -    [DEBUG] restart_containers returned 1 entries
[2025-09-26T13:21:37.359+0000] {docker.py:438} INFO - ✅ [DEBUG] Successfully restarted this cycle: 0
[2025-09-26T13:21:37.359+0000] {docker.py:438} INFO - ❌ [DEBUG] Failed restarts this cycle: 1
[2025-09-26T13:21:37.359+0000] {docker.py:438} INFO -    - compose-post-service-5458cb945b-2zz2s status=restart_failed details={'pod_name': 'compose-post-service-5458cb945b-2zz2s', 'container_name': 'compose-post-service', 'status': 'restart_failed', 'before_count': 5, 'stdout': '', 'stderr': '', 'ctrl_err': '{"metadata":{},"status":"Success"}'}
[2025-09-26T13:21:37.359+0000] {docker.py:438} INFO - ⏳ [DEBUG] Waiting 5 seconds until next cycle. Time remaining: 79s
[2025-09-26T13:21:37.359+0000] {docker.py:438} INFO - 
[2025-09-26T13:21:37.360+0000] {docker.py:438} INFO - ============================================================
[2025-09-26T13:21:37.360+0000] {docker.py:438} INFO - 🔄 [DEBUG] Container Restart Cycle #9 at 2025-09-26 13:21:16
[2025-09-26T13:21:37.360+0000] {docker.py:438} INFO - ============================================================
[2025-09-26T13:21:37.360+0000] {docker.py:438} INFO - 🔄 [DEBUG] Entered restart_containers()
[2025-09-26T13:21:37.360+0000] {docker.py:438} INFO -    Params => label_selector=app=compose-post-service, name_pattern=None, qty=2, rand=True, mode=fixed, ns=default, order=alphabetic, container_name=compose-post-service, restart_command=None
[2025-09-26T13:21:37.360+0000] {docker.py:438} INFO - 🔑 [DEBUG] Kubernetes API client created
[2025-09-26T13:21:37.360+0000] {docker.py:438} INFO - 🔍 [DEBUG] Selecting pods now...
[2025-09-26T13:21:37.361+0000] {docker.py:438} INFO - 🔍 [DEBUG] Entered _select_pods()
[2025-09-26T13:21:37.361+0000] {docker.py:438} INFO -    Params => label_selector=app=compose-post-service, name_pattern=None, all=False, rand=True, mode=fixed, qty=2, ns=default, order=alphabetic
[2025-09-26T13:21:37.361+0000] {docker.py:438} INFO -    [DEBUG] Listing pods with label_selector=app=compose-post-service
[2025-09-26T13:21:37.361+0000] {docker.py:438} INFO - 📋 [DEBUG] Found 1 pods initially
[2025-09-26T13:21:37.361+0000] {docker.py:438} INFO - 🎲 [DEBUG] Random selection chosen: 1 pods
[2025-09-26T13:21:37.361+0000] {docker.py:438} INFO - ✅ [DEBUG] Selected pods: ['compose-post-service-5458cb945b-2zz2s']
[2025-09-26T13:21:37.361+0000] {docker.py:438} INFO - 📋 [DEBUG] Pods selected: 1
[2025-09-26T13:21:37.361+0000] {docker.py:438} INFO - 
[2025-09-26T13:21:37.361+0000] {docker.py:438} INFO - 🎯 [DEBUG] Processing pod: compose-post-service-5458cb945b-2zz2s
[2025-09-26T13:21:37.362+0000] {docker.py:438} INFO - 📦 [DEBUG] Using provided container: compose-post-service
[2025-09-26T13:21:37.362+0000] {docker.py:438} INFO - 🔍 [DEBUG] _get_restart_count() called for pod=compose-post-service-5458cb945b-2zz2s, ns=default, container=compose-post-service
[2025-09-26T13:21:37.362+0000] {docker.py:438} INFO -    [DEBUG] Found 1 container_status entries
[2025-09-26T13:21:37.362+0000] {docker.py:438} INFO -    [DEBUG] container: compose-post-service, restart_count: 5
[2025-09-26T13:21:37.362+0000] {docker.py:438} INFO -    ✅ [DEBUG] Matched container compose-post-service, restart_count=5
[2025-09-26T13:21:37.362+0000] {docker.py:438} INFO - 📊 [DEBUG] Restart count before action: 5
[2025-09-26T13:21:37.363+0000] {docker.py:438} INFO - 🔧 [DEBUG] Restart strategies to try: [['sh', '-c', 'kill -INT 1'], ['sh', '-c', 'kill -2 1'], ['sh', '-c', 'kill -TERM 1'], ['sh', '-c', 'kill -9 1']]
[2025-09-26T13:21:37.363+0000] {docker.py:438} INFO - ➡️ [DEBUG] Trying restart strategy #1: sh -c kill -INT 1
[2025-09-26T13:21:37.363+0000] {docker.py:438} INFO -    ❌ [DEBUG] Failed to open exec stream for pod compose-post-service-5458cb945b-2zz2s, container compose-post-service: (0)
[2025-09-26T13:21:37.363+0000] {docker.py:438} INFO - Reason: Handshake status 500 Internal Server Error -+-+- {'date': 'Fri, 26 Sep 2025 13:21:20 GMT', 'connection': 'close', 'content-length': '0'} -+-+- b''
[2025-09-26T13:21:37.363+0000] {docker.py:438} INFO - 
[2025-09-26T13:21:37.363+0000] {docker.py:438} INFO - ➡️ [DEBUG] Trying restart strategy #2: sh -c kill -2 1
[2025-09-26T13:21:37.364+0000] {docker.py:438} INFO -    ❌ [DEBUG] Failed to open exec stream for pod compose-post-service-5458cb945b-2zz2s, container compose-post-service: (0)
[2025-09-26T13:21:37.364+0000] {docker.py:438} INFO - Reason: Handshake status 500 Internal Server Error -+-+- {'date': 'Fri, 26 Sep 2025 13:21:22 GMT', 'connection': 'close', 'content-length': '0'} -+-+- b''
[2025-09-26T13:21:37.364+0000] {docker.py:438} INFO - 
[2025-09-26T13:21:37.364+0000] {docker.py:438} INFO - ➡️ [DEBUG] Trying restart strategy #3: sh -c kill -TERM 1
[2025-09-26T13:21:37.364+0000] {docker.py:438} INFO -    ❌ [DEBUG] Failed to open exec stream for pod compose-post-service-5458cb945b-2zz2s, container compose-post-service: (0)
[2025-09-26T13:21:37.364+0000] {docker.py:438} INFO - Reason: Handshake status 500 Internal Server Error -+-+- {'date': 'Fri, 26 Sep 2025 13:21:23 GMT', 'connection': 'close', 'content-length': '0'} -+-+- b''
[2025-09-26T13:21:37.364+0000] {docker.py:438} INFO - 
[2025-09-26T13:21:37.364+0000] {docker.py:438} INFO - ➡️ [DEBUG] Trying restart strategy #4: sh -c kill -9 1
[2025-09-26T13:21:37.365+0000] {docker.py:438} INFO -    ❌ [DEBUG] Failed to open exec stream for pod compose-post-service-5458cb945b-2zz2s, container compose-post-service: (0)
[2025-09-26T13:21:37.365+0000] {docker.py:438} INFO - Reason: Handshake status 500 Internal Server Error -+-+- {'date': 'Fri, 26 Sep 2025 13:21:25 GMT', 'connection': 'close', 'content-length': '0'} -+-+- b''
[2025-09-26T13:21:37.365+0000] {docker.py:438} INFO - 
[2025-09-26T13:21:37.365+0000] {docker.py:438} INFO - ❌ [DEBUG] All strategies exhausted for pod compose-post-service-5458cb945b-2zz2s and no restart observed
[2025-09-26T13:21:37.365+0000] {docker.py:438} INFO - 
[2025-09-26T13:21:37.365+0000] {docker.py:438} INFO - 🏁 [DEBUG] restart_containers() finished. Processed 1 pods
[2025-09-26T13:21:37.365+0000] {docker.py:438} INFO -    [DEBUG] restart_containers returned 1 entries
[2025-09-26T13:21:37.365+0000] {docker.py:438} INFO - ✅ [DEBUG] Successfully restarted this cycle: 0
[2025-09-26T13:21:37.366+0000] {docker.py:438} INFO - ❌ [DEBUG] Failed restarts this cycle: 1
[2025-09-26T13:21:37.366+0000] {docker.py:438} INFO -    - compose-post-service-5458cb945b-2zz2s status=restart_failed details={'pod_name': 'compose-post-service-5458cb945b-2zz2s', 'container_name': 'compose-post-service', 'status': 'restart_failed', 'before_count': 5, 'stdout': None, 'stderr': None, 'ctrl_err': None}
[2025-09-26T13:21:37.366+0000] {docker.py:438} INFO - ⏳ [DEBUG] Waiting 5 seconds until next cycle. Time remaining: 64s
[2025-09-26T13:21:37.366+0000] {docker.py:438} INFO - 
[2025-09-26T13:21:37.366+0000] {docker.py:438} INFO - ============================================================
[2025-09-26T13:21:37.366+0000] {docker.py:438} INFO - 🔄 [DEBUG] Container Restart Cycle #10 at 2025-09-26 13:21:31
[2025-09-26T13:21:37.366+0000] {docker.py:438} INFO - ============================================================
[2025-09-26T13:21:37.366+0000] {docker.py:438} INFO - 🔄 [DEBUG] Entered restart_containers()
[2025-09-26T13:21:37.367+0000] {docker.py:438} INFO -    Params => label_selector=app=compose-post-service, name_pattern=None, qty=2, rand=True, mode=fixed, ns=default, order=alphabetic, container_name=compose-post-service, restart_command=None
[2025-09-26T13:21:37.367+0000] {docker.py:438} INFO - 🔑 [DEBUG] Kubernetes API client created
[2025-09-26T13:21:37.367+0000] {docker.py:438} INFO - 🔍 [DEBUG] Selecting pods now...
[2025-09-26T13:21:37.367+0000] {docker.py:438} INFO - 🔍 [DEBUG] Entered _select_pods()
[2025-09-26T13:21:37.367+0000] {docker.py:438} INFO -    Params => label_selector=app=compose-post-service, name_pattern=None, all=False, rand=True, mode=fixed, qty=2, ns=default, order=alphabetic
[2025-09-26T13:21:37.367+0000] {docker.py:438} INFO -    [DEBUG] Listing pods with label_selector=app=compose-post-service
[2025-09-26T13:21:37.367+0000] {docker.py:438} INFO - 📋 [DEBUG] Found 1 pods initially
[2025-09-26T13:21:37.367+0000] {docker.py:438} INFO - 🎲 [DEBUG] Random selection chosen: 1 pods
[2025-09-26T13:21:37.368+0000] {docker.py:438} INFO - ✅ [DEBUG] Selected pods: ['compose-post-service-5458cb945b-2zz2s']
[2025-09-26T13:21:37.368+0000] {docker.py:438} INFO - 📋 [DEBUG] Pods selected: 1
[2025-09-26T13:21:37.368+0000] {docker.py:438} INFO - 
[2025-09-26T13:21:37.368+0000] {docker.py:438} INFO - 🎯 [DEBUG] Processing pod: compose-post-service-5458cb945b-2zz2s
[2025-09-26T13:21:37.368+0000] {docker.py:438} INFO - 📦 [DEBUG] Using provided container: compose-post-service
[2025-09-26T13:21:37.369+0000] {docker.py:438} INFO - 🔍 [DEBUG] _get_restart_count() called for pod=compose-post-service-5458cb945b-2zz2s, ns=default, container=compose-post-service
[2025-09-26T13:21:37.369+0000] {docker.py:438} INFO -    [DEBUG] Found 1 container_status entries
[2025-09-26T13:21:37.369+0000] {docker.py:438} INFO -    [DEBUG] container: compose-post-service, restart_count: 5
[2025-09-26T13:21:37.369+0000] {docker.py:438} INFO -    ✅ [DEBUG] Matched container compose-post-service, restart_count=5
[2025-09-26T13:21:37.369+0000] {docker.py:438} INFO - 📊 [DEBUG] Restart count before action: 5
[2025-09-26T13:21:37.369+0000] {docker.py:438} INFO - 🔧 [DEBUG] Restart strategies to try: [['sh', '-c', 'kill -INT 1'], ['sh', '-c', 'kill -2 1'], ['sh', '-c', 'kill -TERM 1'], ['sh', '-c', 'kill -9 1']]
[2025-09-26T13:21:37.369+0000] {docker.py:438} INFO - ➡️ [DEBUG] Trying restart strategy #1: sh -c kill -INT 1
[2025-09-26T13:21:37.369+0000] {docker.py:438} INFO -    ❌ [DEBUG] Failed to open exec stream for pod compose-post-service-5458cb945b-2zz2s, container compose-post-service: (0)
[2025-09-26T13:21:37.370+0000] {docker.py:438} INFO - Reason: Handshake status 500 Internal Server Error -+-+- {'date': 'Fri, 26 Sep 2025 13:21:37 GMT', 'connection': 'close', 'content-length': '0'} -+-+- b''
[2025-09-26T13:21:37.370+0000] {docker.py:438} INFO - 
[2025-09-26T13:21:37.370+0000] {docker.py:438} INFO - ➡️ [DEBUG] Trying restart strategy #2: sh -c kill -2 1
[2025-09-26T13:22:12.208+0000] {docker.py:438} INFO - ❌ [DEBUG] Failed to open exec stream for pod compose-post-service-5458cb945b-2zz2s, container compose-post-service: (0)
[2025-09-26T13:22:12.208+0000] {docker.py:438} INFO - Reason: Handshake status 500 Internal Server Error -+-+- {'date': 'Fri, 26 Sep 2025 13:21:39 GMT', 'connection': 'close', 'content-length': '0'} -+-+- b''
[2025-09-26T13:22:12.208+0000] {docker.py:438} INFO - 
[2025-09-26T13:22:12.209+0000] {docker.py:438} INFO - ➡️ [DEBUG] Trying restart strategy #3: sh -c kill -TERM 1
[2025-09-26T13:22:12.209+0000] {docker.py:438} INFO -    ❌ [DEBUG] Failed to open exec stream for pod compose-post-service-5458cb945b-2zz2s, container compose-post-service: (0)
[2025-09-26T13:22:12.209+0000] {docker.py:438} INFO - Reason: Handshake status 500 Internal Server Error -+-+- {'date': 'Fri, 26 Sep 2025 13:21:41 GMT', 'connection': 'close', 'content-length': '0'} -+-+- b''
[2025-09-26T13:22:12.209+0000] {docker.py:438} INFO - 
[2025-09-26T13:22:12.209+0000] {docker.py:438} INFO - ➡️ [DEBUG] Trying restart strategy #4: sh -c kill -9 1
[2025-09-26T13:22:12.209+0000] {docker.py:438} INFO -    ❌ [DEBUG] Failed to open exec stream for pod compose-post-service-5458cb945b-2zz2s, container compose-post-service: (0)
[2025-09-26T13:22:12.210+0000] {docker.py:438} INFO - Reason: Handshake status 500 Internal Server Error -+-+- {'date': 'Fri, 26 Sep 2025 13:21:43 GMT', 'connection': 'close', 'content-length': '0'} -+-+- b''
[2025-09-26T13:22:12.210+0000] {docker.py:438} INFO - 
[2025-09-26T13:22:12.210+0000] {docker.py:438} INFO - ❌ [DEBUG] All strategies exhausted for pod compose-post-service-5458cb945b-2zz2s and no restart observed
[2025-09-26T13:22:12.210+0000] {docker.py:438} INFO - 
[2025-09-26T13:22:12.210+0000] {docker.py:438} INFO - 🏁 [DEBUG] restart_containers() finished. Processed 1 pods
[2025-09-26T13:22:12.210+0000] {docker.py:438} INFO -    [DEBUG] restart_containers returned 1 entries
[2025-09-26T13:22:12.210+0000] {docker.py:438} INFO - ✅ [DEBUG] Successfully restarted this cycle: 0
[2025-09-26T13:22:12.210+0000] {docker.py:438} INFO - ❌ [DEBUG] Failed restarts this cycle: 1
[2025-09-26T13:22:12.211+0000] {docker.py:438} INFO -    - compose-post-service-5458cb945b-2zz2s status=restart_failed details={'pod_name': 'compose-post-service-5458cb945b-2zz2s', 'container_name': 'compose-post-service', 'status': 'restart_failed', 'before_count': 5, 'stdout': None, 'stderr': None, 'ctrl_err': None}
[2025-09-26T13:22:12.211+0000] {docker.py:438} INFO - ⏳ [DEBUG] Waiting 5 seconds until next cycle. Time remaining: 46s
[2025-09-26T13:22:12.211+0000] {docker.py:438} INFO - 
[2025-09-26T13:22:12.211+0000] {docker.py:438} INFO - ============================================================
[2025-09-26T13:22:12.211+0000] {docker.py:438} INFO - 🔄 [DEBUG] Container Restart Cycle #11 at 2025-09-26 13:21:48
[2025-09-26T13:22:12.211+0000] {docker.py:438} INFO - ============================================================
[2025-09-26T13:22:12.211+0000] {docker.py:438} INFO - 🔄 [DEBUG] Entered restart_containers()
[2025-09-26T13:22:12.211+0000] {docker.py:438} INFO -    Params => label_selector=app=compose-post-service, name_pattern=None, qty=2, rand=True, mode=fixed, ns=default, order=alphabetic, container_name=compose-post-service, restart_command=None
[2025-09-26T13:22:12.212+0000] {docker.py:438} INFO - 🔑 [DEBUG] Kubernetes API client created
[2025-09-26T13:22:12.212+0000] {docker.py:438} INFO - 🔍 [DEBUG] Selecting pods now...
[2025-09-26T13:22:12.212+0000] {docker.py:438} INFO - 🔍 [DEBUG] Entered _select_pods()
[2025-09-26T13:22:12.212+0000] {docker.py:438} INFO -    Params => label_selector=app=compose-post-service, name_pattern=None, all=False, rand=True, mode=fixed, qty=2, ns=default, order=alphabetic
[2025-09-26T13:22:12.212+0000] {docker.py:438} INFO -    [DEBUG] Listing pods with label_selector=app=compose-post-service
[2025-09-26T13:22:12.212+0000] {docker.py:438} INFO - 📋 [DEBUG] Found 1 pods initially
[2025-09-26T13:22:12.212+0000] {docker.py:438} INFO - 🎲 [DEBUG] Random selection chosen: 1 pods
[2025-09-26T13:22:12.212+0000] {docker.py:438} INFO - ✅ [DEBUG] Selected pods: ['compose-post-service-5458cb945b-2zz2s']
[2025-09-26T13:22:12.213+0000] {docker.py:438} INFO - 📋 [DEBUG] Pods selected: 1
[2025-09-26T13:22:12.213+0000] {docker.py:438} INFO - 
[2025-09-26T13:22:12.213+0000] {docker.py:438} INFO - 🎯 [DEBUG] Processing pod: compose-post-service-5458cb945b-2zz2s
[2025-09-26T13:22:12.213+0000] {docker.py:438} INFO - 📦 [DEBUG] Using provided container: compose-post-service
[2025-09-26T13:22:12.213+0000] {docker.py:438} INFO - 🔍 [DEBUG] _get_restart_count() called for pod=compose-post-service-5458cb945b-2zz2s, ns=default, container=compose-post-service
[2025-09-26T13:22:12.213+0000] {docker.py:438} INFO -    [DEBUG] Found 1 container_status entries
[2025-09-26T13:22:12.213+0000] {docker.py:438} INFO -    [DEBUG] container: compose-post-service, restart_count: 5
[2025-09-26T13:22:12.214+0000] {docker.py:438} INFO -    ✅ [DEBUG] Matched container compose-post-service, restart_count=5
[2025-09-26T13:22:12.214+0000] {docker.py:438} INFO - 📊 [DEBUG] Restart count before action: 5
[2025-09-26T13:22:12.214+0000] {docker.py:438} INFO - 🔧 [DEBUG] Restart strategies to try: [['sh', '-c', 'kill -INT 1'], ['sh', '-c', 'kill -2 1'], ['sh', '-c', 'kill -TERM 1'], ['sh', '-c', 'kill -9 1']]
[2025-09-26T13:22:12.214+0000] {docker.py:438} INFO - ➡️ [DEBUG] Trying restart strategy #1: sh -c kill -INT 1
[2025-09-26T13:22:12.214+0000] {docker.py:438} INFO -    ❌ [DEBUG] Failed to open exec stream for pod compose-post-service-5458cb945b-2zz2s, container compose-post-service: (0)
[2025-09-26T13:22:12.214+0000] {docker.py:438} INFO - Reason: Handshake status 500 Internal Server Error -+-+- {'date': 'Fri, 26 Sep 2025 13:21:53 GMT', 'connection': 'close', 'content-length': '0'} -+-+- b''
[2025-09-26T13:22:12.214+0000] {docker.py:438} INFO - 
[2025-09-26T13:22:12.214+0000] {docker.py:438} INFO - ➡️ [DEBUG] Trying restart strategy #2: sh -c kill -2 1
[2025-09-26T13:22:12.215+0000] {docker.py:438} INFO -    ❌ [DEBUG] Failed to open exec stream for pod compose-post-service-5458cb945b-2zz2s, container compose-post-service: (0)
[2025-09-26T13:22:12.215+0000] {docker.py:438} INFO - Reason: Handshake status 500 Internal Server Error -+-+- {'date': 'Fri, 26 Sep 2025 13:21:54 GMT', 'connection': 'close', 'content-length': '0'} -+-+- b''
[2025-09-26T13:22:12.215+0000] {docker.py:438} INFO - 
[2025-09-26T13:22:12.215+0000] {docker.py:438} INFO - ➡️ [DEBUG] Trying restart strategy #3: sh -c kill -TERM 1
[2025-09-26T13:22:12.215+0000] {docker.py:438} INFO -    ❌ [DEBUG] Failed to open exec stream for pod compose-post-service-5458cb945b-2zz2s, container compose-post-service: (0)
[2025-09-26T13:22:12.215+0000] {docker.py:438} INFO - Reason: Handshake status 500 Internal Server Error -+-+- {'date': 'Fri, 26 Sep 2025 13:21:56 GMT', 'connection': 'close', 'content-length': '0'} -+-+- b''
[2025-09-26T13:22:12.215+0000] {docker.py:438} INFO - 
[2025-09-26T13:22:12.215+0000] {docker.py:438} INFO - ➡️ [DEBUG] Trying restart strategy #4: sh -c kill -9 1
[2025-09-26T13:22:12.216+0000] {docker.py:438} INFO -    ❌ [DEBUG] Failed to open exec stream for pod compose-post-service-5458cb945b-2zz2s, container compose-post-service: (0)
[2025-09-26T13:22:12.216+0000] {docker.py:438} INFO - Reason: Handshake status 500 Internal Server Error -+-+- {'date': 'Fri, 26 Sep 2025 13:21:57 GMT', 'connection': 'close', 'content-length': '0'} -+-+- b''
[2025-09-26T13:22:12.216+0000] {docker.py:438} INFO - 
[2025-09-26T13:22:12.216+0000] {docker.py:438} INFO - ❌ [DEBUG] All strategies exhausted for pod compose-post-service-5458cb945b-2zz2s and no restart observed
[2025-09-26T13:22:12.216+0000] {docker.py:438} INFO - 
[2025-09-26T13:22:12.216+0000] {docker.py:438} INFO - 🏁 [DEBUG] restart_containers() finished. Processed 1 pods
[2025-09-26T13:22:12.216+0000] {docker.py:438} INFO -    [DEBUG] restart_containers returned 1 entries
[2025-09-26T13:22:12.216+0000] {docker.py:438} INFO - ✅ [DEBUG] Successfully restarted this cycle: 0
[2025-09-26T13:22:12.217+0000] {docker.py:438} INFO - ❌ [DEBUG] Failed restarts this cycle: 1
[2025-09-26T13:22:12.217+0000] {docker.py:438} INFO -    - compose-post-service-5458cb945b-2zz2s status=restart_failed details={'pod_name': 'compose-post-service-5458cb945b-2zz2s', 'container_name': 'compose-post-service', 'status': 'restart_failed', 'before_count': 5, 'stdout': None, 'stderr': None, 'ctrl_err': None}
[2025-09-26T13:22:12.217+0000] {docker.py:438} INFO - ⏳ [DEBUG] Waiting 5 seconds until next cycle. Time remaining: 32s
[2025-09-26T13:22:12.217+0000] {docker.py:438} INFO - 
[2025-09-26T13:22:12.217+0000] {docker.py:438} INFO - ============================================================
[2025-09-26T13:22:12.217+0000] {docker.py:438} INFO - 🔄 [DEBUG] Container Restart Cycle #12 at 2025-09-26 13:22:02
[2025-09-26T13:22:12.217+0000] {docker.py:438} INFO - ============================================================
[2025-09-26T13:22:12.217+0000] {docker.py:438} INFO - 🔄 [DEBUG] Entered restart_containers()
[2025-09-26T13:22:12.217+0000] {docker.py:438} INFO -    Params => label_selector=app=compose-post-service, name_pattern=None, qty=2, rand=True, mode=fixed, ns=default, order=alphabetic, container_name=compose-post-service, restart_command=None
[2025-09-26T13:22:12.218+0000] {docker.py:438} INFO - 🔑 [DEBUG] Kubernetes API client created
[2025-09-26T13:22:12.218+0000] {docker.py:438} INFO - 🔍 [DEBUG] Selecting pods now...
[2025-09-26T13:22:12.218+0000] {docker.py:438} INFO - 🔍 [DEBUG] Entered _select_pods()
[2025-09-26T13:22:12.218+0000] {docker.py:438} INFO -    Params => label_selector=app=compose-post-service, name_pattern=None, all=False, rand=True, mode=fixed, qty=2, ns=default, order=alphabetic
[2025-09-26T13:22:12.218+0000] {docker.py:438} INFO -    [DEBUG] Listing pods with label_selector=app=compose-post-service
[2025-09-26T13:22:12.218+0000] {docker.py:438} INFO - 📋 [DEBUG] Found 1 pods initially
[2025-09-26T13:22:12.218+0000] {docker.py:438} INFO - 🎲 [DEBUG] Random selection chosen: 1 pods
[2025-09-26T13:22:12.219+0000] {docker.py:438} INFO - ✅ [DEBUG] Selected pods: ['compose-post-service-5458cb945b-2zz2s']
[2025-09-26T13:22:12.219+0000] {docker.py:438} INFO - 📋 [DEBUG] Pods selected: 1
[2025-09-26T13:22:12.219+0000] {docker.py:438} INFO - 
[2025-09-26T13:22:12.219+0000] {docker.py:438} INFO - 🎯 [DEBUG] Processing pod: compose-post-service-5458cb945b-2zz2s
[2025-09-26T13:22:12.219+0000] {docker.py:438} INFO - 📦 [DEBUG] Using provided container: compose-post-service
[2025-09-26T13:22:12.219+0000] {docker.py:438} INFO - 🔍 [DEBUG] _get_restart_count() called for pod=compose-post-service-5458cb945b-2zz2s, ns=default, container=compose-post-service
[2025-09-26T13:22:12.219+0000] {docker.py:438} INFO -    [DEBUG] Found 1 container_status entries
[2025-09-26T13:22:12.220+0000] {docker.py:438} INFO -    [DEBUG] container: compose-post-service, restart_count: 5
[2025-09-26T13:22:12.220+0000] {docker.py:438} INFO -    ✅ [DEBUG] Matched container compose-post-service, restart_count=5
[2025-09-26T13:22:12.220+0000] {docker.py:438} INFO - 📊 [DEBUG] Restart count before action: 5
[2025-09-26T13:22:12.220+0000] {docker.py:438} INFO - 🔧 [DEBUG] Restart strategies to try: [['sh', '-c', 'kill -INT 1'], ['sh', '-c', 'kill -2 1'], ['sh', '-c', 'kill -TERM 1'], ['sh', '-c', 'kill -9 1']]
[2025-09-26T13:22:12.221+0000] {docker.py:438} INFO - ➡️ [DEBUG] Trying restart strategy #1: sh -c kill -INT 1
[2025-09-26T13:22:12.221+0000] {docker.py:438} INFO -    ❌ [DEBUG] Failed to open exec stream for pod compose-post-service-5458cb945b-2zz2s, container compose-post-service: (0)
[2025-09-26T13:22:12.221+0000] {docker.py:438} INFO - Reason: Handshake status 500 Internal Server Error -+-+- {'date': 'Fri, 26 Sep 2025 13:22:07 GMT', 'connection': 'close', 'content-length': '0'} -+-+- b''
[2025-09-26T13:22:12.221+0000] {docker.py:438} INFO - 
[2025-09-26T13:22:12.222+0000] {docker.py:438} INFO - ➡️ [DEBUG] Trying restart strategy #2: sh -c kill -2 1
[2025-09-26T13:22:12.222+0000] {docker.py:438} INFO -    ❌ [DEBUG] Failed to open exec stream for pod compose-post-service-5458cb945b-2zz2s, container compose-post-service: (0)
[2025-09-26T13:22:12.222+0000] {docker.py:438} INFO - Reason: Handshake status 500 Internal Server Error -+-+- {'date': 'Fri, 26 Sep 2025 13:22:08 GMT', 'connection': 'close', 'content-length': '0'} -+-+- b''
[2025-09-26T13:22:12.222+0000] {docker.py:438} INFO - 
[2025-09-26T13:22:12.222+0000] {docker.py:438} INFO - ➡️ [DEBUG] Trying restart strategy #3: sh -c kill -TERM 1
[2025-09-26T13:22:12.222+0000] {docker.py:438} INFO -    ❌ [DEBUG] Failed to open exec stream for pod compose-post-service-5458cb945b-2zz2s, container compose-post-service: (0)
[2025-09-26T13:22:12.222+0000] {docker.py:438} INFO - Reason: Handshake status 500 Internal Server Error -+-+- {'date': 'Fri, 26 Sep 2025 13:22:10 GMT', 'connection': 'close', 'content-length': '0'} -+-+- b''
[2025-09-26T13:22:12.223+0000] {docker.py:438} INFO - 
[2025-09-26T13:22:12.223+0000] {docker.py:438} INFO - ➡️ [DEBUG] Trying restart strategy #4: sh -c kill -9 1
[2025-09-26T13:22:12.223+0000] {docker.py:438} INFO -    ❌ [DEBUG] Failed to open exec stream for pod compose-post-service-5458cb945b-2zz2s, container compose-post-service: (0)
[2025-09-26T13:22:12.223+0000] {docker.py:438} INFO - Reason: Handshake status 500 Internal Server Error -+-+- {'date': 'Fri, 26 Sep 2025 13:22:12 GMT', 'connection': 'close', 'content-length': '0'} -+-+- b''
[2025-09-26T13:22:12.223+0000] {docker.py:438} INFO - 
[2025-09-26T13:22:12.223+0000] {docker.py:438} INFO - ❌ [DEBUG] All strategies exhausted for pod compose-post-service-5458cb945b-2zz2s and no restart observed
[2025-09-26T13:22:25.665+0000] {docker.py:438} INFO - [32m[2025-09-26 13:22:25 INFO] Let's rollback...
[2025-09-26T13:22:25.667+0000] {docker.py:438} INFO - [32m[2025-09-26 13:22:25 INFO] Rollback: verify-pods-running
[2025-09-26T13:22:25.668+0000] {docker.py:438} INFO - [32m[2025-09-26 13:22:25 INFO] Probe: verify-pods-running
[2025-09-26T13:22:28.053+0000] {docker.py:438} INFO - [32m[2025-09-26 13:22:28 INFO] Experiment ended with status: completed
[2025-09-26T13:22:28.055+0000] {docker.py:438} INFO - 🏁 [DEBUG] restart_containers() finished. Processed 1 pods
[2025-09-26T13:22:28.055+0000] {docker.py:438} INFO -    [DEBUG] restart_containers returned 1 entries
[2025-09-26T13:22:28.055+0000] {docker.py:438} INFO - ✅ [DEBUG] Successfully restarted this cycle: 0
[2025-09-26T13:22:28.055+0000] {docker.py:438} INFO - ❌ [DEBUG] Failed restarts this cycle: 1
[2025-09-26T13:22:28.055+0000] {docker.py:438} INFO -    - compose-post-service-5458cb945b-2zz2s status=restart_failed details={'pod_name': 'compose-post-service-5458cb945b-2zz2s', 'container_name': 'compose-post-service', 'status': 'restart_failed', 'before_count': 5, 'stdout': None, 'stderr': None, 'ctrl_err': None}
[2025-09-26T13:22:28.055+0000] {docker.py:438} INFO - ⏳ [DEBUG] Waiting 5 seconds until next cycle. Time remaining: 18s
[2025-09-26T13:22:28.056+0000] {docker.py:438} INFO - 
[2025-09-26T13:22:28.056+0000] {docker.py:438} INFO - ============================================================
[2025-09-26T13:22:28.056+0000] {docker.py:438} INFO - 🔄 [DEBUG] Container Restart Cycle #13 at 2025-09-26 13:22:17
[2025-09-26T13:22:28.056+0000] {docker.py:438} INFO - ============================================================
[2025-09-26T13:22:28.056+0000] {docker.py:438} INFO - 🔄 [DEBUG] Entered restart_containers()
[2025-09-26T13:22:28.057+0000] {docker.py:438} INFO -    Params => label_selector=app=compose-post-service, name_pattern=None, qty=2, rand=True, mode=fixed, ns=default, order=alphabetic, container_name=compose-post-service, restart_command=None
[2025-09-26T13:22:28.057+0000] {docker.py:438} INFO - 🔑 [DEBUG] Kubernetes API client created
[2025-09-26T13:22:28.057+0000] {docker.py:438} INFO - 🔍 [DEBUG] Selecting pods now...
[2025-09-26T13:22:28.057+0000] {docker.py:438} INFO - 🔍 [DEBUG] Entered _select_pods()
[2025-09-26T13:22:28.057+0000] {docker.py:438} INFO -    Params => label_selector=app=compose-post-service, name_pattern=None, all=False, rand=True, mode=fixed, qty=2, ns=default, order=alphabetic
[2025-09-26T13:22:28.057+0000] {docker.py:438} INFO -    [DEBUG] Listing pods with label_selector=app=compose-post-service
[2025-09-26T13:22:28.058+0000] {docker.py:438} INFO - 📋 [DEBUG] Found 1 pods initially
[2025-09-26T13:22:28.058+0000] {docker.py:438} INFO - 🎲 [DEBUG] Random selection chosen: 1 pods
[2025-09-26T13:22:28.058+0000] {docker.py:438} INFO - ✅ [DEBUG] Selected pods: ['compose-post-service-5458cb945b-2zz2s']
[2025-09-26T13:22:28.058+0000] {docker.py:438} INFO - 📋 [DEBUG] Pods selected: 1
[2025-09-26T13:22:28.058+0000] {docker.py:438} INFO - 
[2025-09-26T13:22:28.058+0000] {docker.py:438} INFO - 🎯 [DEBUG] Processing pod: compose-post-service-5458cb945b-2zz2s
[2025-09-26T13:22:28.059+0000] {docker.py:438} INFO - 📦 [DEBUG] Using provided container: compose-post-service
[2025-09-26T13:22:28.059+0000] {docker.py:438} INFO - 🔍 [DEBUG] _get_restart_count() called for pod=compose-post-service-5458cb945b-2zz2s, ns=default, container=compose-post-service
[2025-09-26T13:22:28.059+0000] {docker.py:438} INFO -    [DEBUG] Found 1 container_status entries
[2025-09-26T13:22:28.059+0000] {docker.py:438} INFO -    [DEBUG] container: compose-post-service, restart_count: 5
[2025-09-26T13:22:28.059+0000] {docker.py:438} INFO -    ✅ [DEBUG] Matched container compose-post-service, restart_count=5
[2025-09-26T13:22:28.059+0000] {docker.py:438} INFO - 📊 [DEBUG] Restart count before action: 5
[2025-09-26T13:22:28.060+0000] {docker.py:438} INFO - 🔧 [DEBUG] Restart strategies to try: [['sh', '-c', 'kill -INT 1'], ['sh', '-c', 'kill -2 1'], ['sh', '-c', 'kill -TERM 1'], ['sh', '-c', 'kill -9 1']]
[2025-09-26T13:22:28.060+0000] {docker.py:438} INFO - ➡️ [DEBUG] Trying restart strategy #1: sh -c kill -INT 1
[2025-09-26T13:22:28.060+0000] {docker.py:438} INFO -    ❌ [DEBUG] Failed to open exec stream for pod compose-post-service-5458cb945b-2zz2s, container compose-post-service: (0)
[2025-09-26T13:22:28.060+0000] {docker.py:438} INFO - Reason: Handshake status 500 Internal Server Error -+-+- {'date': 'Fri, 26 Sep 2025 13:22:20 GMT', 'connection': 'close', 'content-length': '0'} -+-+- b''
[2025-09-26T13:22:28.060+0000] {docker.py:438} INFO - 
[2025-09-26T13:22:28.061+0000] {docker.py:438} INFO - ➡️ [DEBUG] Trying restart strategy #2: sh -c kill -2 1
[2025-09-26T13:22:28.061+0000] {docker.py:438} INFO -    ❌ [DEBUG] Failed to open exec stream for pod compose-post-service-5458cb945b-2zz2s, container compose-post-service: (0)
[2025-09-26T13:22:28.061+0000] {docker.py:438} INFO - Reason: Handshake status 500 Internal Server Error -+-+- {'date': 'Fri, 26 Sep 2025 13:22:21 GMT', 'connection': 'close', 'content-length': '0'} -+-+- b''
[2025-09-26T13:22:28.061+0000] {docker.py:438} INFO - 
[2025-09-26T13:22:28.061+0000] {docker.py:438} INFO - ➡️ [DEBUG] Trying restart strategy #3: sh -c kill -TERM 1
[2025-09-26T13:22:28.061+0000] {docker.py:438} INFO -    ❌ [DEBUG] Failed to open exec stream for pod compose-post-service-5458cb945b-2zz2s, container compose-post-service: (0)
[2025-09-26T13:22:28.061+0000] {docker.py:438} INFO - Reason: Handshake status 500 Internal Server Error -+-+- {'date': 'Fri, 26 Sep 2025 13:22:23 GMT', 'connection': 'close', 'content-length': '0'} -+-+- b''
[2025-09-26T13:22:28.061+0000] {docker.py:438} INFO - 
[2025-09-26T13:22:28.062+0000] {docker.py:438} INFO - ➡️ [DEBUG] Trying restart strategy #4: sh -c kill -9 1
[2025-09-26T13:22:28.062+0000] {docker.py:438} INFO -    ❌ [DEBUG] Failed to open exec stream for pod compose-post-service-5458cb945b-2zz2s, container compose-post-service: (0)
[2025-09-26T13:22:28.062+0000] {docker.py:438} INFO - Reason: Handshake status 500 Internal Server Error -+-+- {'date': 'Fri, 26 Sep 2025 13:22:25 GMT', 'connection': 'close', 'content-length': '0'} -+-+- b''
[2025-09-26T13:22:28.062+0000] {docker.py:438} INFO - 
[2025-09-26T13:22:28.062+0000] {docker.py:438} INFO - ❌ [DEBUG] All strategies exhausted for pod compose-post-service-5458cb945b-2zz2s and no restart observed
[2025-09-26T13:22:28.062+0000] {docker.py:438} INFO - 
[2025-09-26T13:22:28.063+0000] {docker.py:438} INFO - 🏁 [DEBUG] restart_containers() finished. Processed 1 pods
[2025-09-26T13:22:28.063+0000] {docker.py:438} INFO -    [DEBUG] restart_containers returned 1 entries
[2025-09-26T13:22:28.063+0000] {docker.py:438} INFO - ✅ [DEBUG] Successfully restarted this cycle: 0
[2025-09-26T13:22:28.063+0000] {docker.py:438} INFO - ❌ [DEBUG] Failed restarts this cycle: 1
[2025-09-26T13:22:28.063+0000] {docker.py:438} INFO -    - compose-post-service-5458cb945b-2zz2s status=restart_failed details={'pod_name': 'compose-post-service-5458cb945b-2zz2s', 'container_name': 'compose-post-service', 'status': 'restart_failed', 'before_count': 5, 'stdout': None, 'stderr': None, 'ctrl_err': None}
[2025-09-26T13:22:28.063+0000] {docker.py:438} INFO - ⏰ [DEBUG] Less than 5 seconds remaining (5s). Stopping continuous run.
[2025-09-26T13:22:28.064+0000] {docker.py:438} INFO - 
[2025-09-26T13:22:28.064+0000] {docker.py:438} INFO - ============================================================
[2025-09-26T13:22:28.064+0000] {docker.py:438} INFO - 🏁 [DEBUG] Continuous restart experiment completed
[2025-09-26T13:22:28.064+0000] {docker.py:438} INFO - 📈 Total cycles: 13
[2025-09-26T13:22:28.064+0000] {docker.py:438} INFO - 📦 Total containers restarted: 5
[2025-09-26T13:22:28.064+0000] {docker.py:438} INFO - ⏱️ Total duration: 395 seconds
[2025-09-26T13:22:28.065+0000] {docker.py:438} INFO - 📊 Average cycle time: 30.4 seconds
[2025-09-26T13:22:28.178+0000] {docker.py:438} INFO - Container restart experiment completed successfully
[2025-09-26T13:22:28.345+0000] {taskinstance.py:340} INFO - ::group::Post task execution logs
[2025-09-26T13:22:28.345+0000] {taskinstance.py:352} INFO - Marking task as SUCCESS. dag_id=Container_Restart, task_id=apply_container_restart_docker, run_id=manual__2025-09-26T13:15:37.366443+00:00, execution_date=20250926T131537, start_date=20250926T131539, end_date=20250926T132228
[2025-09-26T13:22:28.395+0000] {local_task_job_runner.py:266} INFO - Task exited with return code 0
[2025-09-26T13:22:28.410+0000] {taskinstance.py:3900} INFO - 0 downstream tasks scheduled from follow-on schedule check
[2025-09-26T13:22:28.413+0000] {local_task_job_runner.py:245} INFO - ::endgroup::
